125.58913,126.58989,126.58989,126.58989,125.59511,126.58989,126.58989,126.46691,126.58989,125.58841,126.54078,126.58989,126.58989,126.58989,126.58989,125.59575,126.58989,126.54075,126.58989,126.54079,
125.24641,126.58989,126.58989,126.58989,125.25257,126.58989,126.54065,126.09663,126.58989,125.24579,126.19357,126.28867,126.58989,126.28823,126.54069,125.25314,126.58989,126.19345,126.58989,126.19349,
124.68612,126.46674,126.58989,126.58989,124.69348,126.58989,125.99811,125.52855,126.46664,124.68542,125.627,125.71254,126.58989,125.70704,125.99806,124.6944,126.58989,125.62693,126.58989,125.63501,
124.68612,126.46674,126.58989,126.58989,124.69348,126.58989,125.99811,125.18736,126.46664,124.68542,125.28548,125.35964,126.58989,125.35087,125.99806,124.6944,126.58989,125.28569,126.58989,125.27757,
124.36011,126.09569,126.58989,126.58989,124.36589,126.28774,125.62531,124.63453,126.09498,124.35927,124.73302,124.80662,126.09513,124.79808,125.63287,124.36666,126.58989,124.7325,126.58989,124.71446,
123.81201,125.52638,126.58989,126.58989,123.82968,125.71005,125.06181,124.29656,125.52548,123.81127,124.39494,124.47635,125.73079,124.79808,125.07769,123.83006,126.58989,124.7325,126.58989,124.38565,
123.49868,125.52638,126.58989,126.58989,123.82968,125.35704,124.7309,124.29656,125.18401,123.49835,124.39494,124.47635,125.73079,124.4592,124.73853,123.50544,126.58989,124.39448,126.58989,124.38565,
123.49868,125.18498,126.58989,126.58989,123.50538,125.35704,124.7309,123.75502,125.18401,123.49835,123.8536,123.92633,125.17573,123.91689,124.73853,123.50544,126.58989,123.85322,126.58989,123.83364,
122.96302,124.63233,126.58989,126.58989,122.98016,124.8039,124.17843,123.44004,124.63124,122.9629,123.53694,123.60893,124.83464,123.58988,124.18627,122.97989,126.58989,123.53661,126.58989,123.51648,
122.66121,124.29417,126.58989,126.58989,122.67882,124.47363,123.85266,122.90179,124.2931,122.65916,122.99863,123.06976,124.83464,123.05063,123.85898,122.67823,126.58989,122.99833,126.58989,122.9792,
122.13687,123.75246,126.5405,126.28705,122.15633,123.92354,123.31182,122.59852,123.75322,122.1359,122.6951,122.75378,124.28373,122.74621,123.32002,122.15372,126.58989,122.69475,126.58989,122.67353,
121.84865,123.43556,126.5405,125.90546,121.86646,123.60625,122.99739,122.07141,123.43636,121.84579,122.16984,122.228,123.95618,122.21834,123.01392,121.86519,126.58989,122.16939,126.58989,122.14779,
121.33553,122.897,125.99587,125.90546,121.35515,123.06746,122.45935,121.77956,122.89745,121.33403,121.87814,121.93552,123.41658,121.91632,122.47752,121.34369,126.5405,121.87758,126.58989,121.85546,
121.05898,122.59342,125.62989,125.33999,121.07857,122.7521,122.16647,121.26572,122.59374,121.05746,121.36384,121.42079,123.10011,121.40197,122.18481,121.07664,125.99626,121.36365,126.58989,121.34125,
120.549,122.06782,125.07581,124.99834,120.57832,122.22598,121.6416,120.98726,122.06646,120.54716,121.08531,121.14208,122.57319,121.12318,121.65994,120.57615,125.99626,121.08522,126.58989,121.06233,
120.29539,121.77558,125.07581,124.44525,120.31308,121.93336,121.36216,120.48432,121.7746,120.2935,120.58225,120.63828,122.2801,120.61027,121.37827,120.31103,125.63016,120.58293,126.28719,120.55946,
119.79632,121.26116,124.73469,124.11695,119.82578,121.41826,120.84872,120.22735,121.26044,119.79442,120.3252,120.37147,121.75316,120.35292,120.8647,119.82376,125.07603,120.32631,126.28719,120.29458,
119.55453,120.98236,124.18164,123.57652,119.58401,121.13929,120.58083,119.72776,120.9817,119.55267,119.82563,119.86959,121.4735,119.85325,120.59898,119.57983,125.07603,119.82743,125.90543,119.80314,
119.07839,120.47929,123.85359,123.26152,119.09641,120.62609,120.07874,119.48437,120.4787,119.0649,119.58012,119.62588,120.95967,119.60731,120.09699,119.09323,124.73516,119.58248,125.3398,119.5599,
118.84806,120.22198,123.31316,122.72284,118.86628,120.36858,119.82436,119.00447,120.22197,118.84447,119.10175,119.13732,120.69372,119.11869,119.85302,118.86334,124.18213,119.09484,124.99785,119.06966,
118.3713,119.7224,123.00841,122.41901,118.40119,119.86636,119.33339,118.77296,119.72279,118.36947,118.87027,118.90526,120.19104,118.88666,119.36251,118.39883,123.85394,118.87281,124.99785,118.83795,
118.15458,119.47676,122.4699,121.90114,118.1829,119.62264,119.10061,118.29665,119.47951,118.15087,118.39354,118.43829,119.94658,118.40975,119.1206,118.18054,123.31405,118.39656,124.44589,118.36147,
117.70113,118.9982,122.17674,121.61116,117.72942,119.13379,118.62301,118.08668,118.99961,117.6878,118.18376,118.21802,119.45587,118.18954,118.64379,117.72735,123.00925,118.18674,124.11574,118.15334,
117.49411,118.76654,121.65137,121.0968,117.53451,118.90185,118.39255,117.62165,118.76791,117.49284,117.71863,117.75154,119.21367,117.72405,118.42345,117.53248,122.47065,117.72161,123.57556,117.68627,
117.05187,118.29002,121.3698,120.82817,117.08289,118.42475,117.92638,117.42356,118.29186,117.04084,117.5206,117.55317,118.73665,117.52522,117.95802,117.08085,122.17728,117.52342,123.26044,117.49017,
116.86874,118.07994,120.85582,120.31524,116.89793,118.21426,117.71729,116.9698,118.08182,116.86542,117.06711,117.09961,118.51573,117.07122,117.74923,116.89587,121.6521,117.07021,122.72155,117.0369,
116.42845,117.61489,120.58965,120.05858,116.45761,117.7486,117.26286,116.79554,117.61724,116.4246,116.89267,116.91295,118.04989,116.88653,117.29529,116.45586,121.37038,116.89584,122.41802,116.86232,
116.26452,117.41888,120.08712,119.56694,116.29611,117.54984,117.07754,116.35332,117.41944,116.25309,116.45039,116.4707,117.84098,116.44416,117.11052,116.29439,120.85641,116.45373,121.89997,116.42025,
115.83758,116.96522,119.84269,119.32377,115.86746,117.09585,116.62009,116.18866,116.96602,115.82398,116.28567,116.29813,117.38628,116.27134,116.65814,115.86516,120.5904,116.28917,121.60987,116.24584,
115.68568,116.78862,119.35162,118.84561,115.71551,116.90894,116.44443,115.7584,116.79198,115.67183,115.85506,115.86788,117.20104,115.84045,116.49228,115.71336,120.08749,115.85873,121.09543,115.81515,
115.2683,116.34623,119.10923,118.62404,115.298,116.46876,116.0129,115.60768,116.35047,115.25431,115.70444,115.71457,116.7579,115.68695,116.05125,115.29612,119.84296,115.708,120.82673,115.66185,
115.12799,116.1836,118.63155,118.14755,115.1675,116.29372,115.85137,115.18876,116.17618,115.12372,115.28562,115.29549,116.58227,115.25785,115.89941,115.16567,119.35189,115.28668,120.31389,115.24279,
114.72215,115.75099,118.4106,117.9378,114.76151,115.86312,115.422,115.05731,115.75597,114.70793,115.15442,115.15411,116.14136,115.12601,115.46977,114.75977,119.10925,115.14774,120.05714,115.111,
114.59319,115.60031,117.94462,117.47297,114.64271,115.70984,115.27961,114.6499,115.60573,114.58882,114.73703,114.74658,115.99,114.70869,115.32739,114.64323,118.63119,114.74027,119.5656,114.69384,
114.19625,115.18148,117.74754,117.2848,114.24829,115.29073,114.87105,114.53008,115.18515,114.19421,114.627,114.62636,115.56068,114.58846,114.91928,114.24637,118.41046,114.62043,119.32256,114.57401,
114.08894,115.05007,117.28344,116.83154,114.14105,115.15144,114.74047,114.13411,115.04673,114.08436,114.21905,114.22067,115.41849,114.18256,114.78887,114.13905,117.94465,114.22218,118.84435,114.17827,
113.70584,114.63327,117.09606,116.65775,113.75556,114.74147,114.33376,114.02609,114.6399,113.70134,114.12075,114.12195,115.01049,114.07403,114.3828,113.75352,117.74748,114.12394,118.61303,114.07003,
113.61732,114.52324,116.65316,116.21641,113.66008,114.62385,114.21243,113.63923,114.52043,113.60326,113.73664,113.72764,114.88026,113.68681,114.27398,113.65819,117.28123,113.73005,118.14427,113.68317,
113.23332,114.11788,116.47796,116.05226,113.28593,114.20909,113.81754,113.54034,114.12224,113.22879,113.63771,113.63807,114.47403,113.58996,113.87685,113.28398,117.09619,113.64078,117.93476,113.58416,
113.156,114.01702,116.03731,115.62251,113.20886,114.11065,113.71746,113.16494,114.02395,113.15159,113.26253,113.25289,114.36251,113.20424,113.77941,113.20731,116.65338,113.26534,117.46999,113.21086,
112.78298,113.63267,115.88578,115.48211,112.83628,113.71671,113.334,113.08732,113.62988,112.77875,113.18503,113.17478,113.96758,113.12619,113.39358,112.83483,116.47765,113.18771,117.2745,113.13037,
112.71745,113.53387,115.45612,115.06156,112.7778,113.62745,113.25542,112.71384,113.54081,112.71315,112.81143,112.80074,113.87029,112.75207,113.31511,112.77639,116.0366,112.81417,116.8291,112.75665,
112.3627,113.15878,115.31397,114.93301,112.41643,113.24242,112.88113,112.65751,113.16584,112.34905,112.75216,112.73177,113.49415,112.68557,112.94063,112.4152,115.88495,112.74544,116.65528,112.69043,
112.3058,113.08108,114.90545,114.52643,112.36922,113.16476,112.80444,112.29284,113.08836,112.30183,112.38968,112.36922,113.4059,112.33262,112.87364,112.36803,115.45527,112.39237,116.2137,112.33495,
111.95285,112.70761,114.77507,114.41663,112.01644,112.79136,112.43888,112.24523,112.71511,111.94906,112.34186,112.32135,113.03155,112.27485,112.51088,112.01547,115.31318,112.33496,116.04954,112.27759,
111.91421,112.64833,114.36878,114.01876,111.97771,112.72519,112.38067,111.89166,112.6466,111.90066,111.98837,111.96772,112.96447,111.92111,112.45265,111.97694,114.90503,111.99124,115.61938,111.92447,
111.56295,112.28633,114.25983,113.91136,111.62364,112.36042,112.01947,111.85255,112.29416,111.55879,111.94918,111.92141,112.59894,111.87186,112.0888,111.62277,114.77475,111.94259,115.47911,111.88527,
111.53234,112.23854,113.86266,113.52504,111.59605,112.31269,111.96964,111.70271,112.23395,111.53104,111.59452,111.5761,112.5434,111.52925,112.04203,111.59528,114.36878,111.59758,115.06086,111.54281,
111.20196,111.88505,113.77517,113.43899,111.26268,111.95915,111.62655,111.47941,111.88043,111.19733,111.56661,111.54783,112.17947,111.49146,111.69633,111.26184,114.26002,111.56987,114.92987,111.50246,
111.18288,111.84606,113.38963,113.06435,111.24341,111.91306,111.58801,111.32807,111.84416,111.17801,111.23268,111.2042,112.1396,111.15704,111.65804,111.24262,113.86279,111.23597,114.52313,111.17115,
110.84817,111.50373,113.30136,112.98466,110.92099,111.56802,111.436,111.11686,111.49902,111.03777,111.21307,111.18423,111.78698,111.12754,111.32585,110.91061,113.77528,111.2163,114.40409,111.14837,
110.83698,111.47298,113.12056,112.62111,110.90969,111.54002,111.22338,110.98626,111.47129,110.83459,110.88718,111.05325,111.75831,110.8043,111.29593,110.90899,113.38966,110.88101,114.00647,110.81572,
110.51299,111.12941,112.86005,112.56517,110.58569,111.38856,111.07244,110.78041,111.13756,110.69901,110.87573,110.84013,111.41394,110.78299,110.96282,110.58486,113.30155,110.87918,113.90866,110.80408,
110.50988,111.10985,112.69061,112.20066,110.58238,111.17653,110.86804,110.64805,111.11813,110.50721,110.55125,110.70725,111.38662,110.45845,110.9508,110.58167,113.12086,110.55471,113.52261,110.47964,
110.19691,110.78697,112.43981,112.15304,110.2663,111.04561,110.73762,110.45298,110.78289,110.38233,110.54749,110.51155,111.0505,110.45462,110.6257,110.25629,112.8605,110.55121,113.43387,110.47601,
110.20134,110.77552,112.27886,111.79976,110.26132,110.83253,110.53189,110.33106,110.77138,110.19522,110.23345,110.38912,111.04106,110.14054,110.61493,110.26091,112.69102,110.22787,113.0494,110.15917,
109.88615,110.44762,112.03973,111.76103,109.95571,110.69963,110.40912,110.14403,110.44665,110.07119,110.23724,110.2011,110.71551,110.13455,110.48947,110.14643,112.43954,110.24139,112.98176,110.16301,
109.89795,110.44652,111.8771,111.41591,109.96757,110.50351,110.21399,110.01993,110.45233,109.89197,109.92179,110.0767,110.71399,109.82872,110.29474,109.96706,112.27814,109.92284,112.60843,109.84725,
109.58071,110.12949,111.6548,111.38525,109.65979,110.38113,110.08916,109.84024,110.12582,109.76576,109.93372,109.75843,110.38712,109.70459,110.17023,109.85065,112.03776,109.93485,112.54962,109.85919,
109.60035,110.13371,111.50563,111.05377,109.66969,110.06438,109.89953,109.72357,110.1331,109.59738,109.62627,109.7707,110.38408,109.70459,109.99006,109.66994,111.87466,109.61802,112.19733,109.55169,
109.29438,109.81838,111.2831,111.0409,109.37,110.06438,109.89953,109.41354,110.01545,109.47848,109.64579,109.7707,110.07773,109.52558,109.86651,109.5607,111.532,109.63762,112.13777,109.56455,
109.32143,109.83029,111.15135,110.70579,109.38747,110.06878,109.7854,109.43323,109.82687,109.31501,109.3364,109.46361,109.95361,109.40921,109.69769,109.3877,111.532,109.34089,111.79431,109.26449,
109.0195,109.5228,110.81651,110.57547,109.08871,109.76352,109.60408,109.12435,109.71011,109.20642,109.35376,109.48312,109.77445,109.23832,109.57827,109.27916,111.50403,109.35807,111.75568,109.28162,
109.04403,109.54219,110.80502,110.37992,108.97722,109.77272,109.48768,109.1488,109.5387,109.04088,109.05194,109.18362,109.65759,109.11965,109.40749,109.11348,111.16997,109.05581,111.41386,108.9827,
108.743,109.23261,110.80502,110.24786,108.81227,109.4559,109.31718,108.84737,109.42292,108.92992,109.0765,109.20121,109.4767,108.95642,109.28575,109.00237,111.15031,109.08027,111.38354,109.004,
108.76505,109.25924,110.48102,110.06038,108.70782,109.4757,109.20816,108.87194,109.25603,108.92992,108.78484,108.89959,109.37,108.83327,108.98672,108.84102,110.81485,108.7791,111.04994,108.70295,
108.47104,108.95078,110.47738,109.93573,108.53745,109.17597,109.03263,108.56831,109.1473,108.7587,108.80361,108.92446,109.19369,108.6776,109.01127,108.72738,110.80343,108.80728,111.03082,108.73426,
108.49671,108.97211,110.16399,109.75906,108.43354,109.20295,108.9212,108.56831,108.98144,108.65449,108.50934,108.62981,109.08491,108.56672,108.70998,108.56676,110.47895,108.50373,110.70541,108.43055,
108.19091,108.68033,110.15867,109.63256,108.43354,108.89162,108.76556,108.59728,108.86705,108.49366,108.53841,108.64895,108.91907,108.40562,108.70998,108.56676,110.47547,108.52968,110.69424,108.45627,
108.22681,108.70232,109.85293,109.46105,108.27013,108.92589,108.65156,108.30411,108.69914,108.37737,108.2326,108.35536,108.80786,108.2922,108.74158,108.45987,110.16176,108.23646,110.37004,108.15975,
107.92777,108.40828,109.8648,109.34496,108.1603,108.62182,108.49034,108.3269,108.69914,108.22067,108.26523,108.38115,108.63688,108.12878,108.44771,108.29365,110.15616,108.25945,110.37324,108.18276,
107.94804,108.43392,109.55732,109.17147,107.99465,108.65373,108.38633,108.03088,108.59502,108.11109,107.96633,108.08508,108.53248,108.02223,108.4641,108.18397,109.85016,107.96045,110.05028,107.88688,
107.63691,108.128,109.5673,109.06244,107.88519,108.34758,108.21954,108.05443,108.28847,107.94228,107.98347,108.10846,108.36236,107.85639,108.1676,108.02107,109.86191,107.98693,110.06126,107.90409,
107.58438,108.16052,109.26093,108.88674,107.70048,108.37354,108.11283,107.75271,108.31461,107.82051,107.66304,107.80964,108.25535,107.74704,108.19087,107.88011,109.55409,107.66646,109.74626,107.59323,
107.2295,107.86131,109.28476,108.77542,107.53449,108.07726,107.94299,107.75096,108.01833,107.58266,107.61396,107.82691,108.08892,107.56615,107.89204,107.642,109.56407,107.50014,109.75848,107.54412,
107.18666,107.88159,108.97626,108.61652,107.29338,108.1006,107.83345,107.40497,108.04765,107.42626,107.26484,107.48451,107.9793,107.40953,107.91248,107.48546,109.26392,107.25907,109.45087,107.18897,
106.83837,107.5577,109.00067,108.50246,107.13696,107.80176,107.62994,107.35276,107.7487,107.18499,107.21282,107.43227,107.80732,107.17198,107.57815,107.25056,109.28101,107.10281,109.46729,107.14644,
106.80195,107.50847,108.69952,108.34137,106.90251,107.81897,107.46395,107.00816,107.74387,107.02542,106.87405,107.08712,107.6539,107.01238,107.5293,107.0909,108.97232,106.86837,109.1611,106.79827,
106.45407,107.16304,108.72799,108.23744,106.74318,107.47661,107.2228,106.96276,107.40158,106.80071,106.82848,107.0412,107.41591,106.77204,107.17484,106.85626,108.9967,106.71868,109.18495,106.76206,
106.41096,107.10768,108.42459,108.07065,106.5151,107.4244,107.06653,106.61428,107.34938,106.63815,106.48692,106.69284,107.25002,106.62217,107.13237,106.70655,108.70462,106.48121,108.88623,106.41104,
106.06949,106.7689,108.45373,107.96414,106.36542,107.07925,106.83173,106.57522,107.00103,106.41042,106.44774,106.65637,107.01851,106.3884,106.78438,106.47526,108.72314,106.33754,108.90769,106.37171,
106.03641,106.72312,108.1572,107.79497,106.13435,107.03339,106.68173,106.23431,106.95867,106.26705,106.10655,106.31475,106.85899,106.23551,106.74498,106.32244,108.42882,106.10652,108.60633,106.02713,
105.69231,106.38114,108.18034,107.67925,105.98758,106.68531,106.45381,106.19203,106.61036,106.03285,106.07007,106.27186,106.63389,106.01771,106.40675,106.09746,108.44788,105.95354,108.63462,105.99393,
105.66171,106.3418,107.88159,107.46341,105.76303,106.64935,106.30075,105.85755,106.57077,105.88613,105.73541,105.93043,106.48058,105.8617,106.36748,105.95072,108.15134,105.72891,108.33141,105.6593,
105.31466,106.00052,107.89829,107.3104,105.60709,106.3078,106.06969,105.82154,106.22929,105.66157,105.69569,105.89394,106.25287,105.63733,106.0227,105.72258,108.1743,105.57908,108.36684,105.6196,
105.28072,105.96398,107.55561,107.06948,105.38524,106.26509,105.92651,105.47813,106.18662,105.51186,105.34868,105.55907,106.09664,105.48161,105.98965,105.57611,107.87507,105.35187,108.05776,105.28187,
104.9432,105.62945,107.4972,106.91941,105.23528,105.924,105.68924,105.44817,105.85156,105.28094,105.31508,105.51915,105.87507,105.26343,105.64528,105.34485,107.89196,105.20231,108.09051,105.23879,
104.90582,105.58982,107.15194,106.68536,105.01391,105.88743,105.54268,105.10757,105.8057,105.1372,104.97414,105.181,105.72847,105.11374,105.60556,105.20115,107.54907,104.97724,107.79187,104.90133,
104.56157,105.24271,107.10934,106.52635,104.86089,105.55239,105.3242,105.07409,105.47109,104.91213,104.93713,105.13433,105.50049,104.89229,105.26746,104.97608,107.49987,104.82432,107.79972,104.8642,
104.52091,105.2088,106.76104,106.29814,104.63267,105.51236,105.17432,104.73353,105.44063,104.75923,104.59658,104.80231,105.35052,104.73916,105.23381,104.81963,107.14488,104.59975,107.44436,104.52927,
104.18255,104.86781,106.72474,106.1455,104.48551,105.17469,104.94922,104.69309,105.09961,104.5314,104.56205,104.76518,105.12898,104.51424,104.89629,104.60087,107.10227,104.45305,107.39543,104.48878,
104.13848,104.83063,106.38302,105.91492,104.2538,105.12796,104.79597,104.35873,105.06592,104.38115,104.21791,104.42113,104.97928,104.35776,104.85919,104.44465,106.76322,104.22194,107.04704,104.15071,
103.80057,104.49908,106.34369,105.7684,104.10683,104.79639,104.56751,104.31494,104.72462,104.15013,104.17983,104.3768,104.7542,104.13901,104.52412,104.21893,106.71419,104.06238,107.00464,104.10656,
103.75864,104.45496,105.99889,105.54071,103.8717,104.75931,104.42042,103.98079,104.68402,103.99994,103.83237,104.04217,104.59755,103.98854,104.4834,104.05896,106.37589,103.83728,106.66596,103.76867,
103.41734,104.11082,105.96538,105.39446,103.71773,104.4152,104.1888,103.92987,104.3494,103.77086,103.79061,104.00377,104.3786,103.75719,104.14853,103.82983,106.33652,103.68366,106.61723,103.71775,
103.37201,104.07255,105.62111,105.16358,103.48852,104.37125,104.04186,103.59233,104.30547,103.60768,103.44927,103.6565,104.21849,103.60316,104.11037,103.67596,105.99201,103.44575,106.27908,103.37645,
103.01819,103.73454,105.59056,105.01406,103.32156,104.0368,103.8033,103.5381,103.97083,103.37503,103.39122,103.61132,103.99627,103.36464,103.76225,103.43026,105.95906,103.28843,106.2455,103.33014,
102.96965,103.6834,105.2527,104.78927,103.08562,103.98921,103.65289,103.19733,103.91967,103.21755,103.04645,103.26991,103.84587,103.2109,103.72058,103.27649,105.62428,103.05268,105.90086,102.98528,
102.62167,103.34188,105.20954,104.63646,102.92822,103.65128,103.41983,103.1395,103.58186,102.96869,102.99747,103.2118,103.60717,102.97822,103.37903,103.02757,105.58447,102.886,105.86446,102.92349,
102.55638,103.29272,104.87201,104.40817,102.67922,103.60608,103.26584,102.79473,103.52711,102.8112,102.63981,102.86677,103.45311,102.81721,103.33373,102.86653,105.24647,102.64628,105.52029,102.57536,
102.20756,102.93846,104.84435,104.26078,102.51805,103.25548,103.02016,102.7427,103.18566,102.56792,102.58387,102.81799,103.21689,102.7591,102.98916,102.61755,105.21272,102.48569,105.4895,102.52303,
102.13861,102.88948,104.50013,104.21668,102.26526,103.20671,102.86264,102.38552,103.13681,102.39778,102.22622,102.46051,103.05356,102.41085,102.93679,102.45317,104.87507,102.2336,105.1519,102.16212,
101.7741,102.72826,104.45965,103.87815,102.09134,102.86197,102.6227,102.31706,102.78254,102.14162,102.15724,102.40442,102.81373,102.34549,102.5826,102.19687,104.83792,102.05988,105.10893,102.09321,
101.70164,102.47564,104.12108,103.83617,102.01875,102.80395,102.44888,101.96944,102.73029,101.97354,101.80183,102.0431,102.65284,101.99387,102.52666,102.02314,104.50291,101.80046,104.77736,101.73226,
101.52429,102.31469,104.08647,103.4946,101.65724,102.45579,102.19636,101.89731,102.37854,101.70446,101.71997,101.97068,102.40375,101.92496,102.16552,101.75979,104.46252,101.62683,104.73671,101.65984,
101.25188,102.05475,103.73904,103.44327,101.58117,102.387,102.03162,101.53319,102.30984,101.52711,101.35518,101.60945,102.23915,101.56393,102.1003,101.58247,104.12413,101.36376,104.3958,101.29519,
101.07107,101.88101,103.69738,103.09806,101.21275,102.03861,101.7753,101.45166,101.94888,101.25453,101.26613,101.53326,101.98308,101.48794,101.74478,101.30961,104.07993,101.17369,104.36115,101.21524,
100.78196,101.62115,103.34673,103.04905,101.1237,101.96606,101.59776,101.08389,101.88005,101.07364,100.89768,101.16844,101.80963,101.12312,101.6724,101.12862,103.73829,100.89787,104.02293,101.02502,
100.60104,101.44365,103.3015,102.6947,100.75547,101.60484,101.32474,100.99506,101.51562,100.79731,100.79931,101.0793,101.73396,101.03405,101.30783,100.84895,103.69064,100.71705,103.97522,100.74886,
100.30833,101.16746,102.95657,102.63852,100.65358,101.52852,101.1436,100.62744,101.43969,100.60335,100.4181,100.70154,101.36956,100.66589,101.21883,100.65496,103.34893,100.42814,103.63719,100.55503,
100.0958,100.97714,102.90437,102.28086,100.2631,101.1638,100.86715,100.52577,101.06572,100.3106,100.31257,100.60878,101.2933,100.5732,100.85068,100.34733,103.30024,100.23431,103.58613,100.26211,
99.76921,100.69707,102.54673,102.22141,100.13307,101.07475,100.68615,100.14516,100.98619,100.09796,100.09354,100.22754,100.91576,100.19173,100.76177,100.13487,102.95526,99.9079,103.42856,100.04942,
99.54387,100.50586,102.4944,101.86001,99.72375,100.69712,100.39709,100.01196,100.6052,99.77136,99.76339,100.10676,100.82295,100.08023,100.38073,99.80832,102.89685,99.69556,103.19574,99.72255,
99.21878,100.20333,102.13308,101.78738,99.57245,100.59493,100.20323,99.60318,100.50334,99.54892,99.54682,99.69716,100.44528,99.67079,100.27512,99.58278,102.54847,99.3653,103.02892,99.50607,
98.99334,99.98105,102.06395,101.42227,99.16899,100.21328,99.87612,99.46045,100.12193,99.21467,99.21281,99.55357,100.33961,99.53127,99.86899,99.2486,102.48313,99.14009,102.78883,99.17457,
98.65544,99.65407,101.71122,101.34619,99.02165,100.09221,99.66303,99.05741,99.98231,98.98872,98.98706,99.1404,99.92996,99.11794,99.72622,99.03242,102.1345,98.80322,102.62744,98.94525,
98.43579,99.43768,101.63848,100.97182,98.60514,99.69176,99.33231,98.91115,99.58242,98.66045,98.64959,99.00278,99.79048,98.98059,99.32584,98.69493,102.06519,98.58663,102.37455,98.60785,
98.09438,99.0247,101.26945,100.87881,98.46084,99.54844,99.10629,98.49506,99.43954,98.42741,98.42975,98.58941,99.3776,98.56366,99.17945,98.46552,101.71246,98.24623,102.2005,98.38779,
97.86177,98.87769,101.18392,100.51032,98.04411,99.13517,98.77808,98.34513,99.02654,98.08608,98.0851,98.43553,99.24379,98.41356,98.76612,98.12086,101.62703,98.01374,101.95345,98.04674,
97.51326,98.47036,100.81513,100.51032,97.88681,98.98826,98.55196,97.93488,98.87984,97.85291,97.86183,98.0284,98.8272,98.00674,98.62178,97.8969,101.27135,97.66968,101.77551,97.81383,
97.27702,98.47036,100.72249,100.40787,97.46313,98.58417,98.2107,97.77783,98.47282,97.50823,97.50302,97.87071,98.67708,97.84901,98.20461,97.54851,101.18565,97.43694,101.50611,97.46594,
96.92547,98.31641,100.34395,100.0166,97.30205,98.42995,97.98704,97.35799,98.31893,97.27144,97.27625,97.45033,98.26978,97.42876,98.05086,97.31184,100.81712,97.08941,101.32492,97.22985,
96.68967,97.9003,100.22915,99.87321,96.87845,98.01314,97.64214,97.19331,97.90261,96.91998,96.85221,97.2895,98.11282,97.26824,97.6306,96.95975,100.71482,96.84981,101.05761,96.80655,
96.26293,97.74322,99.83245,99.46357,96.71055,97.8653,97.40942,96.76985,97.74547,96.68018,96.68438,96.86233,97.69306,96.8448,97.46568,96.7237,100.3426,96.686,100.86737,96.64262,
96.08249,97.32921,99.68941,99.3299,96.28338,97.44542,97.05756,96.60195,97.33142,96.3156,96.25708,96.69815,97.53596,96.68037,97.05153,96.35556,100.23131,96.25923,100.58765,96.21562,
96.08249,97.16863,99.28026,98.91696,96.10651,97.2848,96.82119,96.17442,97.17091,96.07588,96.07659,96.271,97.1216,96.25328,96.88136,96.1157,99.82197,96.07923,100.39377,96.03529,
95.64272,96.74498,99.13367,98.76685,95.6761,96.85751,96.46035,95.99739,96.74753,95.70408,95.63634,96.09395,96.94817,96.0727,96.45432,95.74775,99.68246,95.64908,100.07675,95.60487,
95.46368,96.56807,98.7267,98.35962,95.48521,96.69319,96.21678,95.56643,96.57061,95.46316,95.45245,95.66308,96.52088,95.64538,96.2865,95.49386,99.27888,95.46549,99.85482,95.41177,
95.03552,96.14106,98.57674,98.20597,95.05723,96.26604,95.85229,95.37296,96.14324,95.08828,95.02178,95.46972,96.35332,95.46118,95.84646,95.05968,99.13242,95.02578,99.45513,94.98134,
94.84255,95.96058,98.16975,97.78598,94.86426,96.08549,95.60902,94.93864,95.97194,94.83572,94.82179,95.03918,95.92262,95.02103,95.66614,94.8724,98.72881,94.826,99.31239,94.78493,
94.40387,95.52968,98.01259,97.6288,94.42575,95.65843,95.23776,94.74202,95.53193,94.39314,94.37832,94.84256,95.74225,94.83349,95.23201,94.43353,98.57868,94.38282,98.90565,94.33802,
94.20706,95.34576,97.59251,97.20529,94.22544,95.47453,94.98154,94.29477,95.34791,94.19605,94.17871,94.39895,95.29843,94.3898,95.04818,94.22701,98.15895,94.18342,98.75936,94.13838,
93.75115,94.90536,97.43535,97.04464,93.77302,95.03063,94.59721,94.09502,94.90408,93.75273,93.71898,94.1953,95.11475,94.18972,94.60459,93.78027,98.00531,93.73326,98.34311,93.68204,
93.54136,94.70882,97.0115,96.61742,93.56898,94.83739,94.33769,93.63882,94.71688,93.54248,93.50667,93.74803,94.66764,93.74253,94.40472,93.57012,97.59489,93.52092,98.18961,93.46971,
93.08511,94.26152,96.84711,96.45332,93.11256,94.39027,93.95025,93.43237,94.27319,93.08587,93.04673,93.53555,94.47127,93.52641,93.95788,93.11323,97.43426,93.06137,97.77921,93.01912,
92.87169,94.06169,96.41991,96.02276,92.88975,94.19045,93.69078,92.97261,94.06975,92.86284,92.83126,93.07548,94.0239,93.06979,93.74545,92.89623,97.01077,92.83641,97.62201,92.79067,
92.40473,93.61098,96.24269,95.84219,92.42891,93.74326,93.23075,92.74771,93.61314,92.40098,92.35837,92.85032,93.81148,92.85039,93.28898,92.42852,96.84636,92.37339,97.19841,92.33082,
92.17403,93.39841,95.81211,95.40177,92.19238,93.53076,93.0148,92.28458,93.40654,92.17351,92.12703,92.38649,93.36087,92.39019,93.07345,92.19765,96.42229,92.13632,97.02836,92.08995,
91.70178,92.93798,95.6318,95.21791,91.72066,93.07076,92.55453,92.04732,92.94635,91.69818,91.65415,92.15826,93.1359,92.15255,92.6101,91.72564,96.24178,91.66038,96.61042,91.61711,
91.45849,92.71291,95.1977,94.77427,91.47733,92.85513,92.3261,91.57126,92.72144,91.45818,91.41041,91.6853,92.67579,91.68891,92.38201,91.4855,95.81459,91.42024,96.43344,91.37653,
90.98681,92.24919,95.014,94.57771,91.00555,92.38227,91.85312,91.3311,92.25822,90.97336,90.92841,91.44467,92.44751,91.44473,91.90934,91.00034,95.63397,90.94437,96.00619,90.90035,
90.73106,92.00823,94.57009,94.1305,90.74043,92.15411,91.61223,90.85541,92.02077,90.72067,90.6723,90.96834,91.98385,90.96254,91.66873,90.74781,95.1903,90.68226,95.82577,90.64729,
90.24645,91.53542,94.37016,93.93059,90.25594,91.68133,91.1393,90.59337,91.54409,90.23598,90.18686,90.71179,91.74325,90.7095,91.19609,90.25938,95.00282,90.19364,95.395,90.15823,
89.98187,91.29135,93.91356,93.47047,89.99152,91.43734,90.89532,90.10468,91.30348,89.97126,89.91831,90.22596,91.25764,90.22949,90.95245,89.99454,94.55921,89.92882,95.20184,89.8837,
89.48452,90.81821,93.70986,93.2581,89.4942,90.96437,90.40968,89.83956,90.82729,89.47376,89.42011,89.9605,91.01407,89.96432,90.46698,89.49679,94.36286,89.43061,94.75802,89.39479,
89.20754,90.55229,93.2533,92.79453,89.21734,90.70796,90.15347,89.34142,90.57109,89.19669,89.14266,89.46207,90.52857,89.4659,90.20154,89.21981,93.91555,89.15347,94.56717,89.11734,
88.70669,90.06653,93.03403,92.56967,88.70733,90.22234,89.65511,89.06419,90.07579,88.69575,88.64442,89.18439,90.26332,89.1915,89.71256,88.71282,93.703,88.65553,94.12356,88.60972,
88.41139,89.79793,92.57382,92.10611,88.42162,89.95682,89.39011,88.56625,89.8106,88.40981,88.34547,88.68596,89.77783,88.69311,89.43491,88.42353,93.25224,88.3566,93.91078,88.32016,
88.41139,89.2992,92.34562,91.86558,87.91129,89.45814,88.88805,88.26726,89.31216,87.89955,88.34547,88.39621,89.50015,88.40284,88.93654,87.91644,93.02725,88.3566,93.46349,88.32016,
87.90118,89.02165,91.87254,91.39312,87.60389,89.1803,88.6012,88.26726,89.03455,87.59193,87.83447,88.07735,89.00181,88.40284,88.64998,87.60558,92.56723,87.84601,93.24774,87.80926,
87.60301,89.02165,91.63198,91.1494,87.60389,89.1803,88.6012,87.75653,89.03455,87.59193,87.53613,88.07735,88.71205,87.89182,88.64998,87.60558,92.33883,87.54775,92.78782,87.5046,
87.08336,88.52289,91.15572,90.66383,87.08457,88.68197,88.28232,87.45818,88.53278,87.07213,87.0159,87.58024,88.20432,87.59307,88.13907,87.08577,92.06319,87.02746,92.5595,86.98092,
86.76693,88.22354,90.90277,90.40732,86.77455,88.39235,87.7945,86.93815,88.23709,86.76498,86.69584,87.24565,88.20432,87.07266,87.84025,86.77888,91.63425,86.70736,92.0901,86.67356,
86.23446,87.71236,90.42652,89.92164,86.24546,87.88383,87.47257,86.61835,87.72614,86.23261,86.16608,86.74891,87.90562,86.76505,87.32934,86.24655,91.33682,86.17799,91.85868,86.14402,
85.91529,87.71236,90.16115,89.64705,85.91702,87.57246,86.97221,86.08894,87.72614,85.9039,85.8372,86.40528,87.3947,86.23535,87.02177,85.91805,90.90477,85.84921,91.38243,85.81511,
85.37706,87.41342,89.66614,89.14517,85.3755,87.25059,86.63165,85.76031,87.42756,85.56071,85.30423,85.89945,87.07762,85.91551,86.49222,85.37952,90.60749,85.31632,91.13262,85.27272,
85.03951,86.88346,89.66614,89.14517,85.03833,86.74463,86.12215,85.22757,86.904,85.02776,84.95713,85.54653,86.55386,85.37303,86.17244,85.03879,90.60749,84.9724,90.65293,84.93817,
84.49164,86.57277,89.39781,88.86794,84.49999,86.40093,85.78188,84.88366,86.58729,84.67555,84.41821,85.01871,86.23421,85.03507,85.63959,84.49081,90.15337,84.4208,90.3908,84.38657,
84.14538,86.04293,89.08805,88.36024,84.14102,85.89191,85.26362,84.34167,86.05407,84.13023,84.05899,84.66931,85.69489,84.49604,85.30142,84.14445,89.85303,84.07453,90.3908,84.03993,
83.59103,85.71377,88.60923,88.07065,83.59009,85.54219,84.90145,83.98575,85.72505,83.76877,83.50748,84.1199,85.3663,84.14897,84.76231,83.77984,89.39013,83.51989,89.90166,83.48809,
83.22317,85.17136,88.29048,87.55012,83.22242,85.01473,84.36797,83.43428,85.19535,83.22064,83.13947,83.75807,84.82365,83.59727,84.41538,83.22194,89.39013,83.15185,89.63665,83.11664,
82.65935,84.83342,87.80276,87.24833,82.65865,84.66224,84.01546,83.07267,84.84796,82.84699,82.58506,83.20922,84.46733,83.2289,84.05344,82.84809,89.08063,82.58761,89.13799,82.55558,
82.28901,84.28444,87.47125,86.72795,82.2884,84.11604,83.46648,82.51196,84.3058,82.28671,82.20511,82.8351,83.91556,82.67411,83.50444,82.28793,88.60186,82.21706,88.86081,82.18482,
81.71593,83.93454,86.97115,86.41094,81.71216,83.75431,83.09512,82.13203,83.94983,81.90376,81.62862,82.27424,83.56637,82.30316,83.13327,81.90493,88.2796,81.64342,88.34978,81.60807,
81.33669,83.38282,86.63998,85.87777,81.32992,83.2055,82.53384,81.55557,83.58464,81.33142,81.24628,81.89065,83.00549,81.72963,82.57219,81.33256,87.79503,81.26136,88.05423,81.22564,
80.76063,83.0145,86.13087,85.54879,80.74742,82.83133,82.15982,81.17311,83.036,80.93605,80.67003,81.31746,82.63448,81.34686,82.19824,80.93752,87.47283,80.68484,87.54327,80.65225,
80.35704,82.45005,85.78117,85.00609,80.3534,82.27028,81.58647,80.5911,82.66205,80.35437,80.2695,80.93144,82.07033,80.77335,81.62518,80.3532,86.96311,80.28122,87.23219,80.2485,
79.77169,82.07927,85.26302,84.65886,79.76803,81.88679,81.20335,80.18734,82.09182,79.95647,79.68063,80.34004,81.6877,80.36907,81.24198,79.94863,86.63176,79.69579,86.71194,79.66261,
79.35944,81.50556,84.90087,84.10685,79.35289,81.31355,80.62117,79.6017,81.71813,79.35354,79.26842,79.94453,81.11429,79.79247,80.6598,79.35517,86.1225,79.69579,86.39202,79.25006,
78.7616,81.11352,84.36407,83.76025,78.75485,80.92748,80.22574,79.18935,81.13572,78.94939,78.67053,79.34781,80.71023,79.3763,80.26148,78.94831,85.77267,79.28333,85.86221,78.65191,
78.34717,80.53391,84.00234,83.19603,78.33407,80.33609,79.63137,78.59161,80.74984,78.33428,78.24659,78.94308,80.13378,78.78094,79.66697,78.33342,85.25453,78.68505,85.5335,78.2277,
77.73998,80.13343,83.45334,82.83732,77.72393,79.93788,79.23354,78.16756,80.15548,77.92494,77.63931,78.32775,79.73056,78.36578,79.26251,77.91716,84.89222,78.26099,84.99133,77.6298,
77.30717,79.54467,83.09132,82.26331,77.29144,79.34372,78.6274,77.56983,79.76037,77.30064,77.20688,77.92103,79.13213,77.75799,78.65653,77.29045,84.35558,77.65354,84.64758,77.19412,
76.69068,79.13208,82.53046,81.88943,76.68163,78.93953,78.21399,77.12497,79.15429,76.87537,76.59642,77.29399,78.72039,77.33416,78.24955,76.86537,83.99382,77.2183,84.09596,76.57701,
76.24641,78.53365,82.15662,81.31586,76.231,78.32403,77.596,76.51772,78.75031,76.23961,76.14253,76.86808,78.72039,76.71392,77.62516,76.22964,83.44485,76.61112,83.73693,76.13252,
75.62707,78.10937,81.58332,80.92373,75.61142,77.91665,77.17968,76.06379,78.1353,75.81169,75.52586,76.24786,78.11257,76.26891,77.20576,75.8018,83.08333,76.1572,83.18517,75.506,
75.16448,77.51114,81.19993,80.34688,75.14901,77.2891,76.5432,75.44415,77.71854,75.15744,75.06061,75.80339,77.7025,75.65176,76.57209,75.14783,82.51886,75.53762,82.81709,75.04992,
74.53567,77.06845,80.60485,79.94287,74.52021,76.86344,76.11757,74.9818,77.09119,74.72036,74.43184,75.17708,77.06859,75.19828,76.14359,74.71105,82.14763,75.07561,82.25203,74.42125,
74.06187,76.45755,80.21856,79.35685,74.0468,76.2273,75.47233,74.54466,76.67516,74.05746,73.96099,74.71153,76.65285,74.56896,75.49834,74.04825,81.5705,74.4473,81.8775,73.94993,
73.42378,76.00335,79.61471,78.94916,73.40896,75.79919,75.03496,73.87878,76.02967,73.61156,73.32287,74.08229,76.01678,74.09459,75.06086,73.5995,81.17815,73.97362,81.3042,73.31164,
72.94437,75.38341,79.21654,78.33318,72.95357,75.1795,74.38112,73.43293,75.60173,72.93706,72.83105,73.60174,75.57893,73.45615,74.40663,72.91851,80.60137,73.33552,80.9123,72.81943,
72.29718,74.92084,78.61332,77.9259,72.26988,74.70744,73.94464,72.75839,74.94739,72.48205,72.18381,72.96059,74.93403,72.97604,73.96015,72.46365,80.20975,72.85363,80.32637,72.17196,
71.79658,74.29154,78.19661,77.30094,71.81514,74.07849,73.26972,72.30316,74.51019,71.78894,71.69335,72.47164,74.48754,72.33511,73.29447,71.78058,79.62067,72.20627,79.92278,71.68132,
71.14699,73.8204,77.57823,76.88441,71.12286,73.59527,72.82415,71.61054,73.84433,71.33437,71.03703,71.82465,73.82159,71.87066,72.83894,71.31671,79.20763,71.70597,79.337,71.0248,
70.63843,73.17939,77.15246,76.24794,70.65944,72.95727,72.14039,71.14666,73.39818,70.63304,70.53129,71.32494,73.37586,71.18737,72.15513,70.61508,78.60905,71.04982,78.92193,70.51597,
69.97309,72.69039,76.5424,75.82002,69.94886,72.47809,71.67636,70.45486,72.71701,70.16033,69.86303,70.66865,72.70441,70.72342,71.70065,70.14244,78.18459,70.54155,78.32407,69.85968,
69.45882,72.04314,76.10103,75.17503,69.47638,71.81844,70.98394,69.98202,72.2624,69.45018,69.34864,70.1602,72.24694,70.02186,70.99858,69.43233,77.57708,69.88578,77.9004,69.33289,
68.79118,71.55235,75.47198,74.738,68.7696,71.32115,70.52035,69.27487,71.57941,68.97803,68.67369,69.49465,71.56674,69.54879,70.53477,68.95063,77.14447,69.35921,77.29321,68.66741,
68.25869,70.8957,75.01927,74.07491,68.28814,70.66197,69.81246,68.79295,71.11567,68.24963,68.15086,68.97779,71.10302,68.84113,69.8689,68.2348,76.53457,68.69388,76.84867,68.13463,
67.58433,70.387,74.38096,73.6285,67.55996,70.15605,69.33982,68.07419,70.41415,67.76832,67.47621,68.30259,70.4014,68.35917,69.35169,67.75364,76.08083,68.16144,76.24169,67.45993,
67.04331,69.72106,73.91004,72.96296,67.07203,69.48986,68.63012,67.58335,69.94142,67.03358,67.47621,67.77018,69.92837,67.63014,68.68596,67.01887,75.46445,67.48674,75.78816,67.45993,
66.35958,69.20391,73.26906,72.50786,66.33795,68.97301,68.14848,66.84893,69.23374,66.54589,66.93517,67.08583,69.21785,67.14858,68.1532,66.51898,75.00217,66.94565,75.15948,66.91868,
65.81263,68.52872,72.78971,71.82415,65.83817,68.29826,67.42297,66.35864,68.75192,65.80246,66.24157,66.54448,68.7456,66.41378,67.47824,65.77824,74.37368,66.2617,74.69762,66.23485,
65.12205,68.00562,72.13949,71.35998,65.09766,67.76614,66.9323,65.61769,68.08656,65.30558,65.69209,65.86051,68.01952,65.91624,66.93691,65.2789,73.89999,65.71462,74.06872,65.68763,
64.56357,67.32109,71.6515,70.66768,64.59141,67.09171,66.18796,65.12095,67.5422,64.55321,65.00177,65.31339,67.5381,65.17239,66.25244,64.52918,73.26176,65.02136,73.58579,64.99414,
63.86354,66.77972,70.99498,70.20415,63.83236,66.55079,65.70039,64.36869,66.87011,64.04968,64.44635,64.61289,66.80329,64.6754,65.70242,64.02565,72.77958,64.4682,72.94785,64.43819,
63.30152,66.09527,70.48621,69.49335,63.32665,65.85735,64.94759,63.86488,66.31954,63.29077,63.74886,64.05685,66.31296,63.92534,65.01161,63.26716,72.13215,63.76808,72.46893,63.73781,
62.5945,65.54546,69.8204,69.02083,62.56353,65.31034,64.45057,63.10627,65.63568,62.78759,63.18468,63.35668,65.56924,63.41921,64.45289,62.7544,71.63162,63.20618,71.81194,63.17566,
62.0238,64.85455,69.30311,68.48775,62.0489,64.6099,63.69371,62.59357,65.07926,62.01261,62.47755,62.78523,65.07218,62.65297,63.75525,61.98938,70.98439,62.49676,71.31202,62.46585,
61.31698,64.29862,68.63762,67.81263,61.27696,64.05435,63.18789,61.81882,64.38823,61.50013,61.9068,62.07775,64.32208,62.14022,63.19067,61.46725,70.47831,61.91649,70.6556,61.89496,
60.72776,63.59831,68.10472,67.27822,60.75263,63.35433,62.42205,61.30661,63.82306,60.71602,61.1904,61.49751,63.81584,61.37226,62.4832,60.68347,69.81223,61.20971,70.14721,61.17818,
60.00182,63.02659,67.42987,66.59658,59.96911,62.78299,61.90929,60.52296,63.12286,60.19461,60.60132,60.79083,63.06172,60.85012,61.91204,60.15977,69.29483,60.62069,69.48143,60.58878,
59.4039,62.52365,66.88856,66.04651,59.43797,62.07558,61.13443,60.00153,62.55393,59.39214,59.88524,60.19199,62.5464,60.26086,61.19532,59.35741,68.61953,59.90463,68.96457,59.87249,
58.6781,61.74864,66.2045,65.36243,58.63591,61.50528,60.61272,59.1992,61.84416,58.86105,59.27776,59.47308,61.77131,59.53486,60.60523,58.82671,68.09378,59.2972,68.28958,59.27454,
58.06151,61.22655,65.65724,64.80609,58.0957,60.7887,59.81918,58.66837,61.26643,58.04945,58.55224,58.868,61.25905,58.93707,59.88669,58.01791,67.40926,58.57165,67.75717,58.53887,
57.32647,60.44269,64.96382,64.10558,57.28414,60.19972,59.29766,57.9328,60.54755,57.50932,57.9383,58.14197,60.47521,58.2115,59.29113,57.47801,66.87775,57.95545,67.0824,57.93201,
56.7012,59.91873,64.4079,63.54071,56.74449,59.47134,58.49534,57.31921,59.94919,56.7005,57.20325,57.52594,59.95362,57.59524,58.56333,56.65799,66.19618,57.22051,66.53186,57.1967,
55.95892,59.12835,63.70741,62.84298,55.91678,58.86625,57.95493,56.58413,59.23309,56.15136,56.57833,56.781,59.15092,56.85057,57.94919,56.10885,65.64636,56.59789,65.85048,56.57376,
55.32519,58.58557,63.14513,62.2719,55.36793,58.1402,57.14361,55.94966,58.6259,55.31475,55.83319,56.15831,58.62016,56.22792,57.21166,55.28206,64.94243,55.85351,65.30103,55.82884,
54.57342,57.7864,62.43793,61.56487,54.5316,57.52399,56.59434,55.20723,57.89035,54.76628,55.20169,55.41345,57.80839,55.48321,56.58865,54.72608,64.38639,55.22209,64.60052,55.19721,
53.93291,57.23666,61.86713,60.97528,53.97423,56.77879,55.77644,54.56633,57.27649,53.92044,54.44976,54.77203,57.26828,54.85169,55.84425,53.88066,63.68603,54.47042,64.04485,54.44355,
53.17145,56.41617,61.15023,60.25638,53.32705,56.15593,55.21769,53.81454,56.53172,53.3552,53.79984,54.01785,56.64553,54.10007,55.21276,53.31354,63.12401,53.83033,63.34738,53.79353,
52.52453,55.86922,60.56095,59.65818,52.56413,55.41099,54.39293,53.16501,55.90729,52.51246,53.04856,53.37006,55.90081,53.45015,54.4609,52.4713,62.42641,53.06931,62.77605,53.04231,
51.75357,55.04207,59.84187,58.9323,51.89835,54.76992,53.82494,52.404,55.15503,51.93791,52.39191,52.60877,55.26921,52.68891,53.82055,51.89672,61.84551,52.41278,62.06893,52.38523,
51.08791,54.48359,59.24616,58.32762,51.13009,54.01568,52.98133,51.74768,54.51405,51.08626,51.62123,51.9523,54.51514,52.0322,53.05692,51.03723,61.12888,51.65167,61.48849,51.61434,
50.31735,53.63783,58.50848,57.59013,50.46521,53.36808,52.4162,50.97884,53.76012,50.50435,50.9557,51.18156,53.87489,51.2714,52.39979,50.46335,60.54925,50.9863,60.77943,50.94873,
49.64508,53.08203,57.90427,56.9765,49.68744,52.60675,51.56355,50.30375,53.1127,49.63582,50.18717,50.51822,53.11358,50.60568,51.63876,49.59483,59.82044,50.218,60.18059,50.1801,
49.06358,52.2289,57.15945,56.23165,49.01562,51.95028,50.98918,49.53509,52.35154,49.05427,49.51493,49.74747,52.45677,49.82747,50.97288,49.0133,59.22472,49.53573,59.4643,49.50769,
48.18792,51.65422,56.54426,55.59961,48.24009,51.18875,50.12977,48.85324,51.69527,48.1763,48.73703,49.06531,51.69568,49.15521,50.20456,48.13747,58.49657,48.75758,58.8571,48.72974,
47.59904,50.79443,55.802,54.85501,47.55161,50.51568,49.54786,48.07506,50.92466,47.59741,48.05793,48.28684,51.02993,48.37732,49.5323,47.54869,57.88234,48.07836,58.13163,48.05042,
46.71436,50.22002,55.1584,54.20453,46.76454,49.74526,48.66936,47.38637,50.25155,46.70248,47.27012,47.60773,50.24961,47.69801,48.75426,46.66412,57.147,47.29079,57.51793,47.27455,
46.12592,49.35122,54.40654,53.45268,46.07096,49.0632,48.08765,46.60102,49.48302,46.11397,46.58389,46.82196,49.57924,46.91249,48.06501,46.06593,56.52192,46.6044,56.77336,46.57648,
45.23534,48.75977,53.76617,52.80329,45.28592,48.28508,47.20209,45.91497,48.80137,45.22357,45.78858,46.12583,48.79911,46.22438,47.28708,45.17546,55.7771,45.81912,56.14867,45.79133,
44.63759,47.88395,53.00481,52.03204,44.58294,47.60619,46.61334,45.12172,48.02299,44.62566,45.09325,45.33061,48.12003,45.431,46.60089,44.57952,55.14529,45.12367,55.40645,45.09788,
43.74012,47.29315,52.34793,51.37787,43.78956,46.82058,45.72052,44.41709,47.33427,43.72767,44.3001,44.63726,47.34446,44.73577,45.8054,43.68003,54.39346,44.33057,54.76547,44.30308,
43.13467,46.41014,51.58653,50.6074,43.08937,46.12433,45.13208,43.6219,46.54885,43.12218,43.5994,43.84233,46.64664,43.94278,45.10988,43.0762,53.7433,43.62995,54.0116,43.60249,
42.2293,45.82151,50.92102,49.93452,42.28708,45.33871,44.23196,42.91186,45.86293,42.22669,42.99376,43.14182,45.86325,43.24204,44.31674,42.16923,52.98191,42.8274,53.36391,42.9971,
41.62587,44.93104,50.15047,49.15432,41.56962,44.63564,43.63619,42.12115,45.06986,41.62337,42.08831,42.34109,45.1681,42.43959,43.61408,41.56599,52.33275,42.11954,52.60069,42.10194,
40.72131,44.32346,49.47797,48.47488,40.77066,43.8405,42.72834,41.41348,44.36698,40.70871,41.48504,41.63344,44.37497,41.73171,42.82269,40.6629,51.56182,41.31882,51.94617,41.48892,
40.11022,43.42578,48.69996,47.69703,40.05524,43.13986,42.1348,40.6031,43.57395,40.10734,40.5817,40.83243,43.67261,40.93101,42.11301,40.05191,50.898,40.61327,51.38148,40.58577,
39.21961,42.83179,48.02072,47.00857,39.26811,42.33841,41.22941,39.89957,42.87349,39.20962,39.97034,40.1169,42.87152,40.21545,41.31146,39.16251,50.12731,39.80459,50.51023,39.9845,
38.62209,41.92455,47.23524,46.22313,38.55862,41.63014,40.61792,39.10282,42.07056,38.61015,39.07111,39.31973,42.16181,39.41629,40.59598,38.55486,49.45509,39.10294,49.93821,39.08521,
37.71529,41.32114,46.54704,45.52778,37.76146,40.82929,39.71486,38.3919,41.36454,37.71262,38.47192,38.61791,41.36129,38.71654,39.78562,37.64756,48.67692,38.30573,49.06005,38.48595,
37.10637,40.52209,45.7538,44.73483,37.04205,40.11398,39.11529,37.59686,40.56354,37.10489,37.56483,37.81079,40.65573,37.91971,39.09383,37.03847,47.99756,37.59639,48.47872,37.57867,
36.19119,39.80674,45.05863,44.04219,36.23709,39.31647,38.21772,36.87785,39.84996,36.1877,36.95756,37.10155,39.84727,37.21042,38.28805,36.12307,47.2102,36.79084,47.60318,36.97128,
35.57414,39.00946,44.26605,43.2396,35.5199,38.61444,37.6081,36.07215,39.05295,35.57171,36.04194,36.29568,39.15554,36.40443,37.58844,35.5056,46.52392,36.18304,47.01423,36.05403,
34.65055,38.2996,43.56366,42.53954,34.69673,37.81676,36.70209,35.35487,38.35132,34.64698,35.42501,35.56853,38.34826,35.67732,36.78107,34.5825,45.72867,35.25776,46.12099,35.4386,
34.03373,37.50175,42.77156,41.73781,33.97146,37.09755,36.08471,34.52938,37.54521,34.02098,34.49979,34.75443,37.63895,34.86134,36.05394,33.95545,45.03291,34.6404,45.53278,34.51326,
33.09211,36.7826,42.06173,41.02205,33.14802,36.29158,35.16908,33.79446,36.83596,33.08778,33.87477,34.02782,36.83326,34.1363,35.24864,33.02415,44.23994,33.70717,44.63229,33.88821,
32.46704,35.97639,41.26,40.22064,32.40324,35.57444,34.54185,32.9808,36.0201,32.46215,32.94153,33.20374,36.11465,33.31074,34.52197,32.39907,43.53743,33.08162,44.03647,32.95483,
31.52543,35.24949,40.54449,39.50726,31.58131,34.74876,33.6081,32.23768,35.30289,31.52069,32.3181,32.45922,35.30173,32.57749,33.69795,31.45818,42.73636,32.14878,43.13665,32.3299,
30.89202,34.43527,39.74474,38.71925,30.82839,34.02383,32.99249,31.40421,34.47729,30.88703,31.36706,31.63689,34.5752,31.75348,32.96321,30.82464,42.03642,31.51506,42.53319,31.37855,
29.94215,33.70027,39.04249,38.00981,29.99798,33.2,32.04965,30.66292,33.74224,29.93707,30.73398,30.89435,33.76153,31.0008,32.1308,29.86558,41.23722,30.56562,41.62764,30.7552,
29.30039,32.87649,38.24479,37.20381,29.23691,32.46496,31.41596,29.82106,32.92802,29.29508,29.78457,30.05416,33.01719,30.17045,31.38639,29.2337,40.51997,29.93236,41.0245,29.79584,
28.34257,32.13196,37.53535,36.49475,28.39676,31.63319,30.46657,29.07022,32.18517,28.3373,29.14309,29.30339,32.19395,29.41966,30.55423,28.27598,39.72101,28.98328,40.11321,29.1643,
27.70109,31.30992,36.72987,35.67915,27.63922,30.89059,29.83313,28.23029,31.35161,27.69564,28.18588,28.46356,31.45145,28.57806,29.8047,27.63576,39.01941,28.34171,39.52184,28.20689,
26.73536,30.55898,36.01111,34.95222,26.7894,30.0604,28.88376,27.46276,30.61058,26.72953,27.54461,27.70445,30.62015,27.81034,28.97294,26.78594,38.22392,27.37593,38.62436,27.55553,
26.0854,29.72735,35.19744,34.13881,26.02344,29.29952,28.24202,26.6225,29.76919,26.07907,26.57917,26.86612,29.86938,26.97021,28.21383,26.01976,37.51297,26.7345,38.01526,26.60103,
25.12116,28.96651,34.47072,33.40398,25.17509,28.46955,27.2759,25.85651,29.00984,25.11494,25.9307,26.08848,29.02972,26.20276,27.37542,25.17168,36.7078,25.77045,37.10998,25.95093,
24.47268,28.13644,33.64741,32.58052,24.40047,27.70045,26.6356,25.00792,28.18008,24.46636,24.95644,25.24983,28.27072,25.35426,26.59803,24.3973,35.98056,25.12044,36.50277,24.97634,
23.49005,27.36864,32.91263,31.83771,23.55331,26.86182,25.65981,24.23345,27.41123,23.48469,24.30809,24.47543,27.43237,24.58962,25.75946,23.55072,35.17547,24.1479,35.57647,24.32786,
22.84303,26.5301,32.09087,31.00609,22.77028,26.09438,25.01101,23.37614,26.57289,22.83612,23.32564,23.81693,26.66505,23.73285,24.98359,22.768,34.44865,23.4895,34.96112,23.35519,
21.86187,25.75266,31.33779,30.25342,21.91469,25.24559,24.03637,22.59301,25.79517,22.05463,22.67864,22.84528,25.81687,22.95856,24.13513,21.91302,33.62531,22.7166,34.0367,22.69828,
21.20633,24.90541,30.50598,29.42343,21.13306,24.4711,23.38922,21.74727,24.94843,21.19928,21.6974,22.18674,25.04125,22.10279,23.36209,21.13165,32.8903,21.86097,33.41167,21.71694,
20.21665,24.13091,29.75496,28.66283,20.27892,23.61396,22.60479,20.95545,24.17428,20.41919,21.04205,21.20657,24.19451,21.32127,22.50502,20.27764,32.25677,21.07948,32.47077,21.06134,
19.56267,23.28358,28.92285,27.82429,19.48874,22.84069,21.7493,20.1013,23.32764,19.5657,20.05261,20.55064,23.41044,20.46568,21.72348,19.48749,31.31551,20.21561,31.84587,20.0816,
18.5761,22.50078,28.15347,27.0651,18.63615,22.18193,20.96768,19.31106,22.54457,18.76723,19.39818,19.56205,22.56374,19.68528,20.86793,18.63351,30.68212,19.43565,30.89676,19.42755,
17.92215,21.64518,27.31468,26.21654,17.83774,21.20158,20.11355,18.45689,21.68905,17.91472,18.41136,18.90637,21.7823,18.82228,20.07781,17.84621,29.73299,18.57222,30.26364,18.43923,
17.08654,20.86352,26.55681,25.45061,17.02639,20.54584,19.32483,17.66965,20.9076,17.13355,17.74722,17.92087,20.92693,18.03368,19.42212,17.02513,29.08976,17.78518,29.31474,17.77674,
16.36978,20.00791,25.90665,24.60339,16.3185,19.55742,18.47085,16.84678,20.05226,16.38585,16.80114,17.2569,20.13709,17.18903,18.43526,16.31716,28.13216,16.96232,28.67328,16.83104,
15.69123,19.2192,24.93225,23.82777,15.6568,18.90162,17.68373,16.14013,19.26341,15.71154,16.21802,16.31859,19.28315,16.43949,17.78077,15.65529,27.49195,16.2561,27.71739,16.24795,
15.07962,18.36492,24.28359,22.97239,15.04542,17.91569,16.84737,15.47653,18.40937,15.11119,15.43289,15.75567,18.49464,15.73926,16.81093,15.0538,26.52626,15.59263,27.07589,15.46144,
14.55431,17.57779,23.3104,22.1893,14.54448,17.25403,16.13028,14.86661,17.62211,14.55102,14.95453,14.9764,17.64218,15.09746,16.20619,14.54311,25.88583,14.99095,26.10169,14.98315,
14.03288,16.75463,22.65316,21.34344,14.03425,16.33983,15.45295,14.35588,16.79915,14.09846,14.32206,14.50833,16.87293,14.54238,15.37851,14.03116,24.9115,14.48167,25.46181,14.34086,
13.65153,16.03854,21.67177,20.55335,13.66399,15.77919,14.84133,13.84405,16.09286,13.62771,13.94157,13.89071,16.14097,14.01158,14.88987,13.69188,24.26293,13.96962,24.47777,13.96038,
13.21254,15.38657,21.01576,19.69779,13.21386,15.01505,14.31606,13.48363,15.43102,13.27982,13.44136,13.5215,15.47677,13.60348,14.21805,13.21248,23.28015,13.59912,23.82935,13.59168,
12.86917,14.77513,20.02721,18.90926,12.87045,14.55679,13.7964,13.03525,14.8195,12.84397,13.1227,13.02868,14.90132,13.14958,13.82012,12.90622,22.63293,13.16054,22.85804,13.15146,
12.43387,14.26434,19.37167,18.05668,12.43694,13.95358,13.41527,12.69185,14.31862,12.50116,12.64961,12.71226,14.341,12.81557,13.29457,12.4337,21.65167,12.81707,22.20108,12.80814,
12.10354,13.76403,18.38431,17.25963,12.1164,13.5939,12.97443,12.20822,13.80847,12.07806,12.30545,12.24935,13.90253,12.37021,12.97429,12.14009,20.99596,12.37183,21.34587,12.37285,
11.64525,13.39376,17.72994,16.407,11.62011,13.10781,12.63098,11.69301,13.46751,11.60912,11.79023,11.90736,13.4397,11.96501,12.51077,11.61891,20.00746,11.84358,20.5644,11.87263,
11.14442,12.94542,16.73472,15.62732,11.12426,12.75265,12.19747,11.19197,12.98811,11.09727,11.29114,11.2737,13.06375,11.41967,12.19509,11.19739,19.35171,11.34342,19.71029,11.35611,
10.64101,12.52688,16.08478,14.88136,10.63931,12.09328,11.67924,10.82475,12.67211,10.68164,10.9239,10.89504,12.48438,10.97296,11.54673,10.63824,18.36454,10.95272,18.92172,10.95011,
10.26946,11.9677,15.16415,14.20871,10.2799,11.71027,11.28892,10.39464,12.01232,10.36699,10.49377,10.40196,12.00824,10.52318,11.16794,10.30694,17.71017,10.53013,18.92172,10.52364,
9.85429,11.51867,14.56441,13.5275,9.85586,11.21002,10.77906,10.06837,11.62082,9.91527,10.16517,10.09931,11.53231,10.19066,10.64808,9.8548,16.7147,10.20371,18.05937,10.19733,
9.52147,11.0629,13.72898,12.87119,9.53253,10.91535,10.4737,9.64427,11.11724,9.62135,9.75065,9.64785,11.20237,9.77625,10.35242,9.55864,16.05222,9.7795,17.27238,9.77352,
9.10654,10.73845,13.21392,12.29964,9.11726,10.45624,10.03069,9.31952,10.81107,9.17589,9.41861,9.3535,10.78037,9.44462,9.8996,9.1164,15.06824,9.45469,16.42019,9.4517,
8.78857,10.31006,12.5146,11.74143,8.78939,10.15687,9.72324,8.90318,10.35467,8.87741,8.99948,8.90745,10.45014,9.02568,9.60177,8.8156,14.40732,9.02846,15.62498,9.03301,
8.37137,9.98341,12.09945,11.30496,8.3814,9.71347,9.28514,8.57378,10.05582,8.43888,8.68228,8.61538,10.02401,8.70602,9.15389,8.38076,13.41734,8.7085,14.76641,8.71352,
8.06015,9.55905,11.56048,10.85348,8.06353,9.40562,8.98211,8.16457,9.61335,8.15663,8.2633,8.16957,9.69709,8.28405,8.85082,8.08652,12.75889,8.29888,13.98269,8.29495,
7.65282,9.23635,11.23663,10.51713,7.66541,8.96004,8.54055,7.8514,9.30871,7.7214,7.94994,7.88395,9.27544,7.97078,8.40923,7.6616,11.78167,7.9759,13.12667,7.98204,
7.35072,8.81714,10.77708,10.08977,7.35376,8.66652,8.2529,7.44233,8.86173,7.44473,7.5406,7.45761,8.95277,7.56111,8.12156,7.37984,11.12633,7.57568,12.33714,7.5731,
6.96081,8.4901,10.47752,9.76648,6.9597,8.21837,7.81017,7.13251,8.57187,7.02297,7.2268,7.17131,8.53693,7.2566,7.67892,6.96844,10.15321,7.26523,11.48253,7.27274,
6.66245,8.08088,10.02237,9.33443,6.67413,7.93103,7.53022,6.74646,8.12231,6.74888,6.84381,6.74944,8.21031,6.85993,7.39907,6.69543,9.50179,6.87813,10.70611,6.87727,
6.29651,7.76735,9.7152,9.00231,6.2989,7.49241,7.09908,6.44602,7.8392,6.35934,6.54275,6.47548,7.80548,6.56761,6.97188,6.29889,8.54706,6.57666,9.85588,6.58583,
6.016,7.35843,9.25295,8.57401,6.02685,7.21337,6.82038,6.08253,7.40273,6.10191,6.17874,6.08654,7.48344,6.18904,6.6898,6.05187,7.9096,6.20297,9.09622,6.21324,
5.68065,7.04842,8.94841,8.24558,5.68232,6.78785,6.4188,5.82045,7.12532,5.73859,5.88528,5.82857,7.0897,5.90305,6.29319,5.69053,6.96591,5.91999,8.26305,5.92023,
5.41376,6.66264,8.48945,7.82482,5.42123,6.5202,6.15517,5.43396,6.70661,5.4959,5.52847,5.45289,6.78168,5.55658,6.02589,5.45065,6.34212,5.56473,7.5115,5.56318,
5.09587,6.36211,8.17705,7.48899,5.0983,6.10411,5.76846,5.16729,6.43232,5.13878,5.21512,5.19226,6.38876,5.25874,5.6403,5.1037,5.42019,5.25277,6.69023,5.26384,
4.8249,5.99345,7.70777,7.07519,4.82775,5.82557,5.49906,4.77041,6.03545,4.89945,4.8629,4.89526,6.08127,4.91941,5.37205,4.86222,4.8195,4.90366,5.9536,4.91162,
4.53762,5.67961,7.38707,6.7585,4.53376,5.40625,5.10708,4.51929,5.76236,4.55717,4.55039,4.57393,5.68653,4.61612,4.97974,4.53516,3.93715,4.58349,5.15608,4.60173,
4.27198,5.31286,6.87579,6.31671,4.27588,5.1193,4.84604,4.15859,5.35469,4.34672,4.2418,4.27552,5.35871,4.30782,4.71321,4.32674,3.37969,4.28307,4.44636,4.2868,
4.05654,4.98141,6.52773,5.91362,4.06541,4.69802,4.46641,3.93765,5.07633,4.05429,3.94494,4.01626,4.97294,4.02614,4.3351,4.06261,2.73565,3.9882,3.6996,4.00323,
3.86282,4.63013,6.00204,5.55263,3.87162,4.42744,4.22849,3.67351,4.66707,3.91201,3.7377,3.77655,4.62571,3.80752,4.10116,3.92163,2.27855,3.77804,3.07558,3.80139,
3.80991,4.30757,5.62789,4.99013,3.82578,4.03389,3.91222,3.56684,4.40836,3.79024,3.57453,3.63769,4.34794,3.62701,3.79791,3.81499,2.00715,3.59596,2.49123,3.62128,
3.85131,3.99931,5.00239,4.61444,3.85239,3.80774,3.74027,3.58385,4.04065,3.81023,3.6021,3.56328,3.94486,3.60521,3.6424,3.84882,2.08454,3.61109,2.14174,3.63431,
4.08857,3.7218,4.56273,4.02408,4.08837,3.53023,3.57847,3.72822,3.81937,4.03479,3.75275,3.6923,3.71485,3.67722,3.51404,4.10216,2.46074,3.72818,2.05066,3.75906,
4.43318,3.54856,3.88731,3.64378,4.43133,3.4211,3.57738,4.12951,3.57346,4.3051,4.09918,3.95377,3.44717,3.96431,3.5442,4.38088,3.00465,4.04837,2.27959,4.09773,
4.90477,3.4673,3.42264,3.19745,4.91048,3.38004,3.77631,4.4981,3.49156,4.84238,4.54562,4.36997,3.35404,4.34941,3.79154,4.9262,3.68977,4.47121,2.77344,4.52667,
5.45264,3.5428,2.79608,2.71972,5.44276,3.58834,4.02804,5.1525,3.53331,5.27575,5.09839,4.8763,3.4229,4.8696,4.08518,5.35614,4.37796,5.00897,3.36928,5.05949,
6.04834,3.72408,2.2622,2.40902,6.04473,3.90102,4.5624,5.63858,3.69716,5.99528,5.70373,5.45801,3.61252,5.44857,4.6539,6.07435,5.16133,5.60177,4.08409,5.65657,
6.6875,4.16935,1.72721,2.19758,6.68988,4.37106,4.9903,6.41919,4.12841,6.50588,6.33929,6.1018,4.07669,6.07223,5.09251,6.58119,5.91381,6.22999,4.80016,6.28784,
7.31744,4.55707,1.52568,2.31416,7.3257,4.90878,5.70698,6.95854,4.50404,7.27814,7.01403,6.75392,4.4748,6.60592,5.8333,7.35041,6.72499,6.90479,5.58394,6.95714,
8.01418,5.23733,1.62394,2.61517,8.0152,5.5081,6.21751,7.77603,5.16257,7.81539,7.67164,7.45266,5.14507,7.29909,6.3528,7.89247,7.49279,7.54987,6.34467,7.60305,
8.6812,5.72235,2.07668,3.10258,8.68758,6.15428,7.02644,8.32885,5.64793,8.64516,8.37831,8.11665,5.64527,7.95325,7.04015,8.715,8.32798,8.24641,7.15925,8.3097,
9.40965,6.50942,2.58416,3.62991,9.4147,6.81338,7.56324,9.17237,6.4247,9.21109,9.05321,8.83541,6.42679,8.67388,7.70628,9.2849,9.0966,8.93478,7.92835,8.99098,
10.10497,7.04104,3.16861,4.22401,9.98802,7.50272,8.38548,9.74331,6.96033,10.07184,9.7925,9.52337,6.96297,9.35976,8.41627,10.13871,9.93599,9.65736,8.76779,9.72649,
10.84871,7.85655,3.75224,4.83482,10.85279,8.16394,8.93827,10.59995,7.76501,10.64558,10.48991,10.26891,7.76917,10.09068,9.09711,10.71793,10.71762,10.35281,9.53648,10.42253,
11.55824,8.39842,4.37665,5.47684,11.43206,8.86828,9.78678,11.18605,8.31625,11.52203,11.24519,10.96013,8.30814,10.78935,9.83315,11.59704,11.56287,11.10566,10.38273,11.16706,
12.31827,9.23572,4.99636,6.13628,12.31973,9.55101,10.36185,12.05935,9.01973,12.10747,11.94602,11.71926,9.14964,11.5465,10.53119,12.183,12.34153,11.8053,11.15996,11.87612,
13.03226,9.80333,5.62165,6.79305,12.90862,10.28369,11.2364,12.6545,9.70703,12.99016,12.7068,12.42612,9.70555,12.25244,11.27799,13.06501,13.17901,12.56419,11.99312,12.63623,
13.79845,10.66357,6.26229,7.46584,13.80009,10.98227,11.81356,13.53464,10.44426,13.5854,13.4133,13.18953,10.56117,13.0147,11.98442,13.66012,13.9513,13.27383,12.7747,13.34986,
14.52043,11.23713,6.90201,8.12746,14.38853,11.72408,12.68795,14.12783,11.13499,14.48265,14.18023,13.90235,11.13997,13.72514,12.74063,14.5488,14.7928,14.0355,13.62198,14.11331,
15.29213,12.11073,7.53708,8.78795,15.11546,12.43337,13.27797,15.01303,11.88456,15.06881,14.89813,14.67088,11.99753,14.49335,13.44715,15.14767,15.57009,14.75272,14.3966,14.8211,
16.01123,12.69122,8.15237,9.43761,15.88456,13.18566,14.16415,15.60966,12.58442,15.96093,15.66229,15.38026,12.57493,15.21131,14.2154,16.04466,16.40473,15.5193,15.23813,15.59723,
16.78691,13.57029,8.78073,10.11222,16.606,13.89031,14.75828,16.50653,13.33895,16.56311,16.37714,16.15468,13.4456,15.97964,14.93318,16.64461,17.17227,16.23356,16.00563,16.3118,
17.50902,14.15989,9.39645,10.76637,17.38199,14.64783,15.64385,17.10021,14.04713,17.45371,17.15254,16.87374,14.03216,16.69449,15.69544,17.54372,18.00733,17.01338,16.84968,17.08308,
18.2859,15.03618,10.0452,11.45839,18.09424,15.35077,16.23201,17.87318,14.81215,18.0563,17.86935,17.64663,14.91696,17.46666,16.40635,18.13238,18.74811,17.72035,17.60983,17.7939,
18.997,15.63341,10.66809,12.1096,18.87694,16.1125,17.1206,18.58148,15.5184,18.95319,18.63364,18.36155,15.49598,18.19053,17.17365,19.032,19.56398,18.49331,18.435,18.57221,
19.77713,16.51755,11.32826,12.80905,19.58872,16.82544,17.71508,19.36133,16.27892,19.54585,19.3465,19.12681,16.37455,18.95735,17.89044,19.62249,20.29701,19.20001,19.16353,19.28855,
20.49287,17.10799,11.95219,13.47743,20.36441,17.58868,18.60548,20.06564,16.98781,20.43344,20.11811,19.84278,16.95928,19.66953,18.66548,20.51874,21.11501,19.96737,19.98148,20.05481,
21.26029,17.98949,12.61635,14.1814,21.07151,18.29077,19.20206,20.84272,17.75667,21.02604,20.83039,20.6146,17.84704,20.44073,19.37264,21.11431,21.84042,20.67924,20.71437,20.76623,
21.97109,18.58284,13.24848,14.84053,21.8488,19.06344,20.08993,21.55194,18.46605,21.91435,21.6048,21.32305,18.4416,21.15227,20.14161,22.00597,22.66075,21.45658,21.5322,21.53933,
22.75006,19.46222,13.91989,15.55722,22.55658,19.76209,20.68254,22.32198,19.23899,22.50307,22.31235,22.09165,19.31791,21.92971,20.86296,22.59347,23.38823,22.1604,22.25753,22.24623,
23.4483,20.0614,14.56296,16.22278,23.31924,20.5419,21.56672,23.03001,19.94437,23.3839,23.08317,22.79897,19.90561,22.63331,21.62664,23.47228,24.20098,22.93053,23.07987,23.01579,
24.21178,20.95089,15.25057,16.95366,24.02237,21.23666,22.16209,23.80549,20.71453,23.97735,23.78236,23.56982,20.78883,23.40725,22.3396,24.05501,24.9307,23.6297,23.8075,23.71804,
24.91498,21.53316,15.89385,17.6182,24.78739,22.01046,23.03678,24.50543,21.42142,24.85435,24.54869,24.27253,21.38226,24.10612,23.10566,24.93003,25.74561,24.40514,24.61999,24.4898,
25.50246,22.41904,16.58387,18.34789,25.48203,22.71395,23.62286,25.26828,22.18309,25.44287,25.25246,25.03928,22.26263,24.88185,23.80173,25.51757,26.47964,25.0994,25.35183,25.18731,
26.37343,23.00306,17.22737,19.02323,26.25253,23.48123,24.50398,25.96279,22.88595,26.3104,26.00623,25.73359,22.84866,25.57932,24.56467,26.3885,27.2845,25.86189,26.16651,25.9549,
26.95241,23.88042,17.92859,19.75342,26.93283,24.18061,25.08604,26.72168,23.65198,26.88675,26.70197,26.50525,23.72771,26.33743,25.26555,26.96773,28.01114,26.54828,26.89095,26.64409,
27.81867,24.46969,18.58413,20.42727,27.69506,24.94454,25.96362,27.40884,24.34113,27.74635,27.46167,27.19119,24.31172,27.03239,26.02143,27.83077,28.81809,27.30792,27.70777,27.40341,
28.39874,25.34096,19.28796,21.16523,28.38119,25.63622,26.54114,28.17006,25.10327,28.32797,28.14357,27.94986,25.00268,27.79082,26.71792,28.41459,29.54944,27.98987,28.42482,28.08393,
29.255,25.92269,19.94137,21.8471,29.12972,26.39681,27.41137,28.84317,25.798,29.18371,28.89939,28.63126,25.76351,28.46262,27.4793,29.27013,30.34891,28.75136,29.23395,28.84374,
29.81694,26.79403,20.64487,22.58465,29.79701,27.08393,27.99034,29.60042,26.56291,29.74773,29.57339,29.38658,26.4474,29.22685,28.16168,29.83215,31.07074,29.42889,29.96318,29.51674,
30.66552,27.37154,21.30065,23.25521,30.54234,27.84647,28.84785,30.27841,27.24385,30.59929,30.33093,30.05058,27.20522,29.90011,28.91891,30.68108,31.87256,30.17701,30.76475,30.26339,
31.22916,28.23584,22.02687,24.0027,31.21108,28.52934,29.42214,31.02747,28.00512,31.16434,30.99109,30.80765,27.88507,30.64775,29.59342,31.23528,32.58725,30.84646,31.47712,30.93202,
32.06446,28.80553,22.68412,24.68464,31.9481,29.28466,30.28438,31.68822,28.68757,31.99876,31.74111,31.47076,28.64961,31.31656,30.35225,32.07668,33.37905,31.59621,32.2883,31.6839,
32.61963,29.66245,23.40661,25.43405,32.6027,29.96297,30.85064,32.4392,29.44129,32.55908,32.40252,32.22011,29.32929,32.05967,31.02196,32.63542,34.089,32.24831,32.99613,32.33529,
33.45666,30.23689,24.07526,26.10425,33.33187,30.71404,31.69594,33.08292,30.10995,33.39478,33.1388,32.87184,30.07817,32.72045,31.77306,33.45984,34.88335,32.99387,33.80008,33.07598,
33.99063,31.08086,24.79687,26.84875,33.96179,31.38464,32.25398,33.82932,30.85973,33.93378,33.79574,33.61689,30.74965,33.45243,32.4252,34.00833,35.59398,33.64133,34.49839,33.72304,
34.79389,31.64748,25.46617,27.52759,34.67949,32.12798,33.09159,34.4642,31.52067,34.73926,34.51691,34.25114,31.50711,34.09924,33.17183,34.8119,36.3811,34.37523,35.29504,34.4524,
35.31946,32.48751,26.20222,28.28606,35.29537,32.78459,33.6447,35.18595,32.27258,35.27913,35.13987,34.97197,32.16114,34.82913,33.8289,35.35058,37.07492,34.99812,35.99608,35.07467,
36.11877,33.04571,26.86306,28.95535,36.01812,33.52964,34.45822,35.80914,32.91949,36.0766,35.66841,35.59452,32.9072,35.44219,34.55144,36.14184,37.86485,35.71111,36.79264,35.79026,
36.64881,33.88153,27.60486,29.7084,36.62588,34.16913,34.9959,36.52648,33.66354,36.60794,36.47128,36.31091,33.55673,36.16744,35.17468,36.67239,38.55212,36.32934,37.48925,36.40422,
37.44343,34.42298,28.26389,30.37558,37.34036,34.89329,35.79882,37.13552,34.29566,37.40456,37.00384,36.92901,34.2947,36.77587,35.89811,37.46761,39.33192,37.0471,38.0746,36.93987,
37.96889,35.23685,29.01666,31.13188,37.94328,35.51757,36.33143,37.85751,35.01356,37.93098,37.80337,37.63731,34.91975,37.4932,36.51641,37.98945,40.01265,37.66073,38.95661,37.73409,
38.7555,35.77266,29.67714,31.79659,38.65283,36.23386,37.13584,38.46216,35.64111,38.71956,38.33107,38.25072,35.64027,38.10627,37.23866,38.77997,40.79255,38.37368,39.5422,38.26137,
39.27234,36.50127,30.41918,32.5515,39.25123,36.8536,37.66011,39.17596,36.36539,39.23748,39.12157,38.96335,36.25709,38.8187,37.83934,39.29689,41.46681,38.97933,40.41755,39.05077,
40.05838,37.11735,31.07872,33.21282,39.95629,37.57189,38.45073,39.78532,36.97899,40.02529,39.64449,39.55917,36.98226,39.42351,38.56268,40.08319,42.22762,39.68771,40.99398,39.57434,
40.57592,37.84075,31.83356,33.96373,40.55009,38.19097,38.97932,40.49364,37.70705,40.54379,40.43365,40.27719,37.59499,40.13182,39.17175,40.60092,42.89304,40.28918,41.85289,40.36536,
41.3443,38.44849,32.4814,34.60893,41.25603,38.91221,39.77455,41.09294,38.31542,41.31393,40.95197,40.87592,38.3173,40.73575,39.87722,41.36984,43.65922,41.00401,42.43217,40.88275,
41.86048,39.16684,33.22348,35.34287,41.84176,39.52587,40.29834,41.79832,39.03444,41.82758,41.73861,41.57749,38.9323,41.44084,40.47816,41.88671,44.30607,41.59482,43.28197,41.6686,
42.6299,39.76978,33.85672,35.9713,42.53006,40.23812,41.07997,42.38851,39.63804,42.59322,42.25698,42.17676,39.64567,42.03965,41.18815,42.64764,45.05991,42.30036,43.85193,42.18654,
43.13773,40.48319,34.60554,36.71425,43.11123,40.83758,41.59523,43.09397,40.3486,43.1075,43.02911,42.87636,40.252,42.73868,41.77506,43.1559,45.70029,42.89545,44.69241,42.95797,
43.89343,41.08148,35.24018,37.35027,43.80403,41.36582,42.18603,43.6795,40.96128,43.86462,43.54236,43.46165,40.96908,43.32925,42.47658,43.91235,46.44443,43.59193,45.2458,43.46684,
44.39268,41.79531,35.99058,38.08151,44.36802,42.14446,42.8966,44.37953,41.66671,44.36481,44.30584,43.97078,41.5613,44.02865,43.06949,44.42156,47.06115,44.16901,46.06457,44.22925,
45.14041,42.3759,36.61299,38.70177,45.05237,42.66389,43.47404,44.94721,42.25738,45.1175,44.81011,44.73788,42.26961,44.60509,43.7665,45.1643,47.78361,44.85993,46.60335,44.74192,
45.6443,43.08096,37.36324,39.43368,45.62105,43.43776,44.17158,45.63911,42.96677,45.61837,45.56537,45.24241,42.866,45.29594,44.34354,45.66487,48.39386,45.43274,47.41288,45.49975,
46.37487,43.66622,37.97296,40.04179,46.30119,43.94325,44.75385,46.20206,43.54344,46.17005,46.0743,46.00114,43.56939,45.85872,45.03637,46.21624,49.11882,46.11483,47.94494,45.99443,
46.87032,44.3573,38.51889,40.76423,46.85252,44.70927,45.44624,46.89408,44.24465,46.84673,46.81548,46.49757,44.14811,46.54911,45.6088,46.8956,49.72298,46.67894,48.74792,46.74382,
47.59623,44.93453,39.31141,41.36118,47.52377,45.2145,46.01074,47.4487,44.82176,47.39379,47.31147,47.23814,44.84218,47.10284,46.11409,47.43892,50.24933,47.36505,49.27348,47.23029,
48.08313,45.6259,39.84551,42.07077,48.0669,45.97287,46.69372,48.12626,45.50346,48.06178,48.04759,47.73409,45.41099,47.78759,46.85604,48.10624,51.03732,47.9114,50.06744,47.97493,
48.80106,46.18937,40.63787,42.66662,48.72886,46.46821,47.2497,48.67218,46.07585,48.60127,48.53474,48.46099,46.10498,48.33318,47.35651,48.64536,51.55707,48.40267,50.59333,48.45201,
49.27946,46.87541,41.16037,43.36158,49.25468,47.20889,47.92745,49.33989,46.75811,49.26066,49.26233,48.94798,46.65884,49.00521,48.08935,49.30736,52.33861,49.12643,51.37432,49.17829,
49.98904,47.43054,41.93434,43.9463,49.91725,47.70874,48.475,49.87227,47.31696,49.79186,49.74459,49.67524,47.34002,49.5371,48.58095,49.82545,52.84909,49.59972,51.89093,,
50.45949,48.10367,42.44453,44.6342,50.43916,48.44069,49.14374,50.53588,47.80387,50.4461,50.45039,50.14839,47.88956,50.20434,49.30504,50.47911,53.62461,50.31892,52.6753,,
51.15656,48.65429,43.20563,45.21136,51.09347,48.92244,49.6776,51.06012,48.54001,50.95597,50.92352,50.86697,48.5617,50.7335,49.78767,50.99813,54.13556,50.78845,53.18564,,
51.62337,49.31813,43.71813,45.88863,51.59404,49.64571,50.34199,51.71884,49.01836,51.61027,51.63365,51.3269,49.10305,51.39155,50.50279,51.64289,54.8955,51.48958,53.95139,,
52.31204,49.85108,44.46162,46.44666,52.239,50.11847,50.86704,52.23053,49.73637,52.11185,52.09419,52.0274,49.76582,51.90708,50.97622,52.14429,55.39736,51.96337,54.46192,,
52.76099,50.51865,44.96219,47.11812,52.74082,50.8372,51.51677,52.87052,50.21837,52.74814,52.78671,52.49153,50.28972,52.55192,51.67763,52.78012,56.15114,52.65195,55.22153,,
53.44102,51.03933,45.6929,47.67102,53.37708,51.29731,52.02962,53.3741,50.92384,53.24743,53.23843,53.17986,50.94756,53.05882,52.14749,53.27314,56.65586,53.10796,55.726,,
53.88151,51.69771,46.1861,48.33208,53.86163,51.99591,52.67995,54.0138,51.38787,53.87554,53.92231,53.63552,51.46639,53.69452,52.84014,53.90078,57.38804,53.7441,56.47682,,
54.54924,52.20491,46.90463,48.86462,54.48567,52.45636,53.17513,54.49657,52.08455,54.36097,54.3632,54.30613,52.10907,54.1842,53.29611,54.377,57.88373,54.22874,56.97221,,
54.98124,52.84907,47.38678,49.52427,54.9621,53.139,53.81584,55.11771,52.54485,54.97645,55.01973,54.75531,52.61284,54.81979,53.97617,55.001,58.61037,54.85432,57.70785,,
55.63119,53.33979,48.09291,50.04965,55.57726,53.59114,54.30044,55.59181,53.21835,,55.45955,55.41184,53.24318,55.29393,54.41842,55.43332,59.1005,55.32483,58.19447,,
56.06328,53.9705,48.56364,50.69289,,54.25634,54.92168,56.2047,53.67079,,56.1079,55.84258,53.73908,55.90627,55.08372,56.08013,59.81863,55.93774,58.93072,,
56.70067,54.45759,49.26504,51.20287,,54.70888,55.39648,56.66665,54.33634,,56.5348,56.491,54.36041,56.36811,55.51773,56.49987,60.29963,56.40422,59.41126,,
57.12018,55.0794,49.72047,51.83549,,55.36572,56.00919,57.27058,54.77614,,57.17048,56.91308,54.84411,56.98079,56.17068,57.13402,61.00876,57.00376,60.12937,,
57.74579,55.5543,50.40206,52.34217,,55.7964,56.47166,57.71988,55.43323,,57.58866,57.54472,55.45655,57.42993,56.59255,57.54067,61.48063,57.45345,60.60094,,
58.15238,56.16702,50.85475,52.96108,,56.44055,57.07139,58.31523,55.86409,,58.20324,57.95881,55.93201,58.02557,57.22794,58.16185,62.18426,58.049,61.31079,,
58.76506,56.62946,51.52089,53.45251,,56.86256,57.51726,58.74318,56.5088,,58.6084,58.57782,56.53137,58.46202,57.65497,58.56867,62.64406,58.47317,61.77387,,
59.16334,57.23325,51.96166,54.06294,,57.4943,58.11299,59.32951,56.93096,,59.21836,58.98295,56.98543,59.0486,58.26918,59.17229,63.32977,59.06369,62.47486,,
59.7677,57.67908,52.62354,54.53778,,57.9083,58.54123,59.74918,57.55878,,59.61899,59.5839,57.58507,59.47702,58.67395,59.5706,63.78076,59.4834,62.93827,,
,58.26586,53.05811,55.14537,,58.52692,59.13207,60.32703,57.97279,,60.22065,59.98033,58.01827,60.0547,59.28339,60.16565,,60.06959,63.61481,,
,58.70332,53.69433,55.61238,,58.93204,59.55199,60.73814,58.58268,,60.6083,60.57265,58.61787,,59.68366,60.55987,,60.47175,64.0691,,
,59.29018,54.12096,56.21015,,59.53297,60.1295,61.12612,58.99225,,61.19197,60.9734,59.04249,,60.28494,61.13339,,61.0401,64.7431,,
,59.7101,54.75052,56.65235,,59.9336,60.54128,61.71004,59.59362,,61.57983,61.54341,59.61978,,60.67228,61.51681,,61.44304,65.18836,,
,60.29201,55.16355,57.23311,,60.52415,61.10983,,59.99019,,62.14588,61.93107,60.0272,,61.2647,62.08725,,62.00218,65.84397,,
,60.69449,55.77566,57.66807,,60.90787,61.50394,,60.58284,,62.52502,62.49687,60.59898,,61.64358,,,62.38767,66.28673,,
,61.26305,56.17817,58.23654,,61.48594,62.06365,,60.97072,,63.07792,62.87591,60.99837,,62.2188,,,62.94738,66.93421,,
,61.66612,56.77433,58.66385,,61.8612,62.44529,,61.54164,,63.44809,63.4331,61.55236,,62.59777,,,63.32042,67.35866,,
,62.22528,57.16479,59.22381,,62.43105,63.00921,,61.91676,,63.99217,63.78992,61.94362,,63.15525,,,63.86169,67.99391,,
,62.60762,57.7533,59.63393,,62.79768,63.37325,,62.47774,,64.35384,,62.49766,,,,,64.22615,,,
,63.15241,58.13564,60.19419,,63.34564,63.9242,,62.85351,,64.88942,,62.87158,,,,,64.75877,,,
,63.52176,58.71575,,,63.71261,64.28008,,63.40162,,65.23784,,63.41677,,,,,65.11069,,,
,64.06729,,,,64.25211,64.82175,,63.75971,,65.76497,,63.77827,,,,,65.6341,,,
,64.41973,,,,64.61036,65.16489,,64.29925,,66.10482,,64.3146,,,,,65.9776,,,
,64.77368,,,,65.12797,65.69783,,64.64869,,66.60538,,64.66767,,,,,66.49646,,,
,65.29576,,,,65.47765,66.03268,,65.17539,,66.94536,,65.1907,,,,,66.81823,,,
,65.64111,,,,65.98694,66.55203,,65.51179,,67.43803,,65.53548,,,,,67.32416,,,
,66.14999,,,,66.32359,66.86532,,66.02716,,,,66.04948,,,,,67.63778,,,
,66.48629,,,,66.8245,67.38478,,66.3639,,,,66.37257,,,,,68.13476,,,
,66.97769,,,,67.15692,67.68829,,66.8601,,,,66.88226,,,,,,,,
,67.30995,,,,67.64471,68.18854,,67.18806,,,,67.19252,,,,,,,,
,67.78851,,,,67.95938,68.47671,,67.67615,,,,67.69773,,,,,,,,
,68.11203,,,,68.43832,68.9638,,67.99109,,,,67.99505,,,,,,,,
,68.57779,,,,68.74876,69.24809,,68.4659,,,,68.48689,,,,,,,,
,68.88838,,,,69.21462,69.72632,,68.77666,,,,68.7803,,,,,,,,
,69.35417,,,,69.51663,70.028,,69.2293,,,,69.26313,,,,,,,,
,69.65147,,,,69.96491,70.46693,,69.53972,,,,69.56487,,,,,,,,
,70.10452,,,,70.26677,70.75534,,69.98337,,,,70.01314,,,,,,,,
,70.39295,,,,70.73169,71.19008,,70.28055,,,,70.3017,,,,,,,,
,70.82808,,,,70.99017,71.47391,,70.71526,,,,70.74113,,,,,,,,
,71.11665,,,,71.45057,71.88646,,71.00386,,,,71.02963,,,,,,,,
,71.5383,,,,71.69597,72.17038,,71.42561,,,,71.45113,,,,,,,,
,71.82245,,,,72.14797,72.58714,,71.705,,,,71.73518,,,,,,,,
,72.22677,,,,72.3845,72.86189,,72.11327,,,,72.144,,,,,,,,
,72.50616,,,,72.83598,73.25672,,72.39701,,,,72.41884,,,,,,,,
,72.90881,,,,73.06365,73.52296,,72.80422,,,,72.83579,,,,,,,,
,73.18369,,,,73.50505,73.90444,,73.06518,,,,73.09737,,,,,,,,
,73.57047,,,,73.723,74.15749,,73.45973,,,,73.49221,,,,,,,,
,73.83253,,,,74.15126,74.53138,,73.71253,,,,73.75744,,,,,,,,
,74.21438,,,,74.35673,74.78487,,74.15055,,,,74.12883,,,,,,,,
,74.4588,,,,74.77212,75.1458,,74.34776,,,,74.38092,,,,,,,,
,74.82779,,,,74.96017,75.37721,,74.76893,,,,74.74411,,,,,,,,
,75.07256,,,,75.37566,75.72498,,74.95283,,,,74.98301,,,,,,,,
,75.41958,,,,75.5549,75.96564,,75.36872,,,,75.34232,,,,,,,,
,75.65977,,,,75.96155,76.29971,,75.53938,,,,75.56818,,,,,,,,
,75.99913,,,,76.11844,76.51805,,75.94704,,,,75.91391,,,,,,,,
,76.22644,,,,76.52064,76.83869,,76.1045,,,,76.13115,,,,,,,,
,,,,,76.66892,77.0524,,76.50742,,,,76.46376,,,,,,,,
,,,,,77.05769,77.3641,,76.65198,,,,76.6814,,,,,,,,
,,,,,77.2016,77.56445,,77.03318,,,,77.00098,,,,,,,,
,,,,,77.5776,77.86327,,77.17815,,,,77.20534,,,,,,,,
,,,,,77.70827,78.05922,,,,,,77.51184,,,,,,,,
,,,,,78.07546,78.35334,,,,,,77.70718,,,,,,,,
,,,,,78.18844,78.54048,,,,,,78.00049,,,,,,,,
,,,,,78.56029,78.81682,,,,,,78.19186,,,,,,,,
,,,,,78.66469,78.9995,,,,,,78.47576,,,,,,,,
,,,,,,79.26267,,,,,,78.66243,,,,,,,,
,,,,,,79.44098,,,,,,78.93347,,,,,,,,
,,,,,,,,,,,,79.10697,,,,,,,,
,,,,,,,,,,,,79.36931,,,,,,,,
,,,,,,,,,,,,79.54246,,,,,,,,
,,,,,,,,,,,,79.79161,,,,,,,,
,,,,,,,,,,,,79.95582,,,,,,,,
,,,,,,,,,,,,80.20434,,,,,,,,
,,,,,,,,,,,,80.36407,,,,,,,,
,,,,,,,,,,,,80.59458,,,,,,,,
,,,,,,,,,,,,80.75434,,,,,,,,
,,,,,,,,,,,,80.98038,,,,,,,,
,,,,,,,,,,,,81.12215,,,,,,,,
,,,,,,,,,,,,81.34402,,,,,,,,
,,,,,,,,,,,,81.49507,,,,,,,,
,,,,,,,,,,,,81.71681,,,,,,,,
,,,,,,,,,,,,81.85432,,,,,,,,
,,,,,,,,,,,,82.07118,,,,,,,,
,,,,,,,,,,,,82.22171,,,,,,,,
,,,,,,,,,,,,82.26604,,,,,,,,
,,,,,,,,,,,,82.58039,,,,,,,,
,,,,,,,,,,,,82.60666,,,,,,,,
,,,,,,,,,,,,82.91678,,,,,,,,
,,,,,,,,,,,,82.94317,,,,,,,,
,,,,,,,,,,,,83.24041,,,,,,,,
,,,,,,,,,,,,83.2578,,,,,,,,
,,,,,,,,,,,,,,,,,,,,
,,,,,,,,,,,,,,,,,,,,
,,,,,,,,,,,,,,,,,,,,
,,,,,,,,,,,,,,,,,,,,average minCPA
3.80991,3.4673,1.52568,2.19758,3.82578,3.38004,3.57738,3.56684,3.49156,3.79024,3.57453,3.56328,3.35404,3.60521,3.51404,3.81499,2.00715,3.59596,2.05066,3.62128,3.2666725
