125.58907,126.58989,126.58989,126.58989,125.59486,126.58989,126.58989,126.4669,126.58989,125.58904,126.46712,126.58989,126.58989,126.58989,126.58989,125.59566,126.58989,126.46708,126.58989,126.46708,
125.24608,126.58989,126.58989,126.58989,125.2522,126.58989,126.54066,126.09655,126.58989,125.2463,126.09674,126.2886,126.58989,126.28835,126.54068,125.25299,126.58989,126.0966,126.58989,126.09665,
124.68556,126.46676,126.58989,126.58989,124.69301,126.58989,125.9982,125.52844,126.4666,124.68542,125.52818,125.71244,126.58989,125.70711,125.99807,124.69427,126.58989,125.52818,126.58989,125.53604,
124.68556,126.46676,126.58989,126.58989,124.69301,126.58989,125.9982,125.18727,126.4666,124.68542,125.18649,125.35957,126.54037,125.35083,125.99807,124.69427,126.58989,125.1869,126.58989,125.1786,
124.35945,126.09559,126.58989,126.58989,124.36552,126.28784,125.62539,124.63428,126.09422,124.35917,124.63392,124.80656,125.99706,124.79787,125.63287,124.36651,126.58989,124.63422,126.58989,124.61567,
123.81127,125.52622,126.58989,126.58989,123.82926,125.71022,125.0619,124.29618,125.52475,123.81102,124.29575,124.47619,125.63189,124.79787,125.07777,123.82973,126.58989,124.29606,126.58989,124.61567,
123.49802,125.18487,126.58989,126.58989,123.50474,125.35725,124.73098,124.29618,125.18334,123.49793,124.29575,124.47619,125.63189,124.45905,124.73849,123.50516,126.58989,124.29606,126.58989,124.28708,
123.49802,125.18487,126.58989,126.58989,123.50474,125.35725,124.73098,123.75449,125.18334,123.49793,123.75442,123.92611,125.07642,123.91671,124.73849,123.50516,126.58989,123.75456,126.58989,123.73525,
122.9623,124.63206,126.58989,126.58989,122.97314,124.804,124.17878,123.4394,124.63056,122.9624,123.43775,123.60883,124.73548,123.58953,124.18616,122.97958,126.58989,123.43793,126.58989,123.41807,
122.66053,124.29387,126.58989,126.58989,122.67171,124.47374,123.85287,122.90086,124.29244,122.65867,122.89946,123.06967,124.73548,123.05005,123.85882,122.67787,126.58989,122.8996,126.58989,122.88098,
122.66053,123.75215,126.58989,126.58989,122.67171,123.92364,123.31196,122.5972,123.75259,122.13536,122.59604,122.75364,124.18462,122.7458,123.3198,122.15339,126.58989,122.59596,126.58989,122.57544,
122.13613,123.43529,126.54049,126.28734,122.14908,123.60635,122.99748,122.5972,123.4357,121.84516,122.59604,122.22792,123.85689,122.2182,123.0136,121.86479,126.58989,122.59596,126.58989,122.04966,
121.84786,122.89669,126.54049,125.9057,121.85926,123.60635,122.4594,122.0697,122.8968,121.84516,122.07078,121.93543,123.85689,121.9161,122.47677,121.34325,126.58989,122.07063,126.58989,121.75747,
121.84786,122.59312,125.9957,125.9057,121.85926,123.06758,122.16657,121.77794,122.59312,121.33368,121.77913,121.42077,123.31715,121.40166,122.18413,121.07627,126.58989,121.77896,126.58989,121.24305,
121.33474,122.06751,125.62969,125.34012,121.34799,122.75218,121.6419,121.26402,122.06608,121.05711,121.26483,121.42077,123.00082,121.40166,121.6595,120.57596,126.54049,121.26513,126.58989,120.96434,
121.05814,122.06751,125.07561,124.99856,121.07131,122.22609,121.6419,121.26402,121.77433,120.5468,121.26483,121.14203,122.47395,121.12296,121.37796,120.31088,125.9962,121.26513,126.58989,120.46126,
120.54819,121.77527,125.07561,124.4455,120.57107,122.22609,121.36253,120.9854,121.26027,120.29327,120.98635,120.63807,122.47395,120.60996,120.86438,119.82362,125.9962,120.98684,126.58989,120.1963,
120.29466,121.26076,124.73462,124.11709,120.30584,121.93346,120.84898,120.48204,120.98168,119.79402,120.48334,120.63807,122.1804,120.60996,120.59866,119.57983,125.63005,120.48444,126.2872,119.70482,
119.79553,121.26076,124.18154,123.5768,119.8188,121.41853,120.84898,120.48204,120.47874,119.55202,120.48334,120.37116,121.65346,120.35266,120.09651,119.09396,125.07595,120.48444,126.2872,119.46141,
119.55335,120.98229,123.85344,123.26177,119.57708,121.41853,120.58111,120.22501,120.22207,119.06427,120.22634,119.86957,121.65346,119.85312,119.85257,118.86386,125.07595,120.22792,125.90543,118.97137,
119.07735,120.47898,123.31345,122.72281,119.08934,121.1396,120.07902,119.72549,119.72289,118.84388,119.72679,119.62595,121.37386,119.60718,119.36235,118.39892,124.73507,119.72909,125.33987,118.73962,
118.84711,120.22168,123.0085,122.419,118.85914,120.62614,119.82463,119.48221,119.47955,118.36895,119.48136,119.1374,120.85928,119.11861,119.12042,118.18046,124.18207,119.48423,124.99808,118.26307,
118.37011,119.72208,122.46989,121.9013,118.39453,120.36867,119.33364,119.00208,118.99959,118.15049,119.00309,118.90526,120.59319,118.88633,119.12042,117.72692,123.85398,118.99644,124.99808,118.0553,
118.15365,119.47642,122.17668,121.61129,118.17611,119.86626,119.10082,118.77056,118.76803,117.68736,118.77164,118.90526,120.09079,118.40943,118.64349,117.5322,123.31386,118.77451,124.44653,117.58829,
117.70019,118.99789,121.65123,121.09696,117.7226,119.62265,119.10082,118.29405,118.29194,117.49223,118.29494,118.43816,119.84645,118.18931,118.42313,117.08065,123.0091,118.29855,124.11638,117.39206,
117.49317,118.76627,121.36973,120.82834,117.52804,119.13415,118.62317,118.08409,118.08215,117.04026,118.08519,118.21806,119.35593,117.72384,118.42313,116.89564,122.47048,118.08858,123.57583,116.93886,
117.05094,118.28971,120.85572,120.31544,117.07639,118.90211,118.39264,117.61917,117.61735,116.86477,117.62014,117.75253,119.11392,117.52501,117.95718,116.4557,122.17714,117.62363,123.26049,116.76443,
116.86781,118.07961,120.58958,120.05876,116.89142,118.42466,117.92648,117.42089,117.61735,116.42409,117.42212,117.55376,118.63684,117.0711,117.74862,116.29414,121.65203,117.42554,122.72172,116.32265,
116.42765,117.61459,120.08694,119.56709,116.45133,118.21436,117.71734,116.96729,117.41954,116.25258,116.96872,117.1001,118.41616,116.8863,117.29472,115.86535,121.37006,116.97226,122.41816,116.14816,
116.26388,117.41852,119.84255,119.32402,116.28995,117.74868,117.26294,116.79296,116.96602,115.82348,116.79436,116.91339,117.95025,116.44395,117.29472,115.7134,120.85631,116.79796,121.90021,115.71751,
115.83716,116.96492,119.35148,118.84579,115.86109,117.55003,117.07772,116.35072,116.79205,115.67121,116.35213,116.47124,117.74141,116.27122,117.11006,115.29606,120.59028,116.35595,121.61011,115.56427,
115.68507,116.78834,119.10902,118.62421,115.70933,117.09543,116.61639,116.18605,116.35051,115.25381,116.18748,116.29856,117.28671,115.84021,116.65772,115.16556,120.08749,116.19146,121.09556,115.14532,
115.26748,116.34592,118.63135,118.14776,115.2921,116.90871,116.44098,115.75582,116.17636,115.12322,115.75693,115.86822,117.10136,115.68667,116.49196,114.75968,119.8428,115.76104,120.82672,115.01328,
115.12705,116.18331,118.41058,117.93812,115.16163,116.46879,116.00966,115.60528,115.75616,114.70742,115.60629,115.71473,116.65859,115.2577,116.05098,114.6431,119.35183,115.61031,120.31394,114.59628,
114.72107,115.75069,117.94445,117.47332,114.7556,116.294,115.84803,115.18621,115.60593,114.58828,115.18748,115.29577,116.48282,115.1258,115.89929,114.24628,119.10904,115.18917,120.05719,114.47659,
114.59243,115.60003,117.74744,117.28526,114.63703,115.86336,115.41871,115.05479,115.18532,114.19365,115.05629,115.15436,116.04174,114.70842,115.46963,114.13909,118.63118,115.05027,119.56571,114.08093,
114.19532,115.18121,117.2833,116.83219,114.2427,115.71007,115.2767,114.64749,115.04688,114.08364,114.63931,114.74662,115.89053,114.58823,115.3272,113.75358,118.41049,114.64278,119.32266,113.973,
114.08778,115.04976,117.09599,116.6585,114.13546,115.29083,114.86824,114.52755,114.64006,113.70056,114.52941,114.62638,115.4612,114.18217,114.91912,113.65823,117.9445,114.52298,118.84451,113.58613,
113.70479,114.63298,116.65309,116.21705,113.75008,115.15153,114.73766,114.13157,114.52056,113.60255,114.12152,114.22057,115.31907,114.07378,114.78871,113.28417,117.74746,114.12489,118.61325,113.48713,
113.61635,114.52296,116.47789,116.05281,113.65476,114.74151,114.33144,114.02352,114.12238,113.22828,114.0234,114.12179,114.91097,113.68659,114.38248,113.20716,117.28112,114.02672,118.14429,113.11389,
113.23237,114.11758,116.03724,115.62303,113.28055,114.62399,114.21022,113.63669,114.02409,113.15123,113.63916,113.72761,114.78087,113.58974,114.27365,112.83453,117.09612,113.63271,117.93479,113.0335,
113.15499,114.01674,115.8857,115.4827,113.20365,114.21285,113.81502,113.53781,113.63012,112.77837,113.5404,113.63806,114.37466,113.20414,113.87642,112.77604,116.6533,113.54352,117.47011,112.65977,
112.78199,113.63246,115.45605,115.06193,112.83109,114.11434,113.71527,113.16248,113.54103,112.71279,113.16509,113.25292,114.26318,113.12598,113.77918,112.41462,116.47758,113.16821,117.2746,112.59362,
112.71652,113.53361,115.3139,114.93333,112.77277,113.71993,113.33187,113.08473,113.16598,112.34864,113.08771,113.17468,113.86819,112.75185,113.39329,112.36759,116.03651,113.09058,116.82923,112.23816,
112.36172,113.15845,114.90555,114.52666,112.41129,113.63037,113.25349,112.7112,113.08828,112.3014,112.71415,112.80069,113.77074,112.68536,113.31484,112.01491,115.88473,112.71682,116.65543,112.1809,
112.30463,113.08091,114.77499,114.41666,112.36434,113.24531,112.87943,112.65489,112.71506,111.94865,112.65502,112.7318,113.39442,112.33241,112.94033,111.97639,115.4552,112.64814,116.21415,111.82793,
111.95187,112.70726,114.3688,114.01893,112.01178,113.1673,112.80293,112.29018,112.64658,111.90018,112.29269,112.36934,113.30631,112.27475,112.8734,111.62238,115.3131,112.29585,116.04988,111.78894,
111.91326,112.64803,114.25989,113.91159,111.97343,112.79337,112.43758,112.24254,112.29419,111.55828,112.24498,112.32145,112.93165,111.92083,112.51057,111.59494,114.90496,112.23872,115.6199,111.44638,
111.56207,112.286,113.86256,113.5253,111.6196,112.72698,112.37958,111.88912,112.23408,111.53069,111.89151,111.96786,112.86478,111.87175,112.45241,111.26155,114.77477,111.89502,115.47958,111.40614,
111.5318,112.23825,113.77509,113.43931,111.5923,112.362,112.01859,111.85,111.88054,111.19697,111.85243,111.92157,112.49926,111.52909,112.08849,111.24247,114.3688,111.84641,115.0611,111.07498,
111.20147,111.88475,113.3894,113.06457,111.25927,112.31402,111.96915,111.50761,111.84428,111.17764,111.4977,111.5762,112.44357,111.49116,112.04172,110.91043,114.26001,111.50134,114.92985,111.05236,
111.18233,111.84561,113.30119,112.98489,111.24024,111.96032,111.62627,111.477,111.49928,111.03738,111.46986,111.54797,112.07945,111.1569,111.69575,110.90894,113.86297,111.47366,114.52323,110.71975,
110.84753,111.50332,112.92684,112.62136,110.91797,111.91419,111.58793,111.13358,111.47135,110.83429,111.13608,111.20429,112.03968,111.1272,111.65763,110.58506,113.7754,111.1399,114.40409,110.70819,
110.83631,111.47256,112.85981,112.56514,110.90677,111.56899,111.43588,111.11432,111.13746,110.69866,111.11664,111.18421,111.68717,110.80396,111.32565,110.58178,113.38977,111.12036,114.00652,110.38371,
110.51233,111.12899,112.49751,112.20077,110.77451,111.5409,111.22336,110.98374,111.11794,110.50669,110.79064,111.05306,111.65836,110.78275,111.29576,110.25632,113.30152,110.7851,113.90855,110.38017,
110.50906,111.10935,112.43976,112.15326,110.58019,111.19725,111.07249,110.77793,110.78275,110.38172,110.77928,110.83986,111.3141,110.45814,110.96264,110.26102,112.92734,110.78327,113.52244,110.06354,
110.19616,110.7865,112.08615,111.79997,110.45549,111.17749,110.86812,110.6455,110.77135,110.19466,110.45468,110.70707,111.28717,110.45441,110.95074,110.14668,112.8605,110.45896,113.43385,110.06734,
110.20048,110.77505,112.03964,111.76123,110.25948,111.04648,110.73769,110.4505,110.44675,110.07073,110.45102,110.51148,111.14321,110.14018,110.62582,109.96735,112.6909,110.45542,113.04941,109.75177,
109.8855,110.44706,111.87696,111.60901,110.14525,110.83293,110.5319,110.3286,110.45243,109.89133,110.13719,110.38905,110.94173,110.13415,110.61505,109.85082,112.43936,110.13207,112.98189,109.76379,
109.8973,110.44622,111.65467,111.38547,109.96612,110.6999,110.40905,110.14148,110.126,109.76526,110.14106,110.2012,110.80861,109.82732,110.48949,109.67012,112.27799,110.14571,112.60852,109.45634,
109.58024,110.12933,111.50537,111.24678,109.8495,110.50342,110.21389,110.01741,110.1332,109.59688,109.82562,110.0769,110.61498,109.70355,110.29463,109.56082,112.03769,109.82722,112.54974,109.4693,
109.59982,110.13342,111.28296,111.04112,109.66843,110.38064,110.08909,109.83792,110.0155,109.47796,109.83761,109.7587,110.47996,109.70355,110.17011,109.38767,111.8748,109.83931,112.19749,109.16926,
109.29381,109.81808,111.15153,110.89788,109.55933,110.06425,109.89954,109.72116,109.82697,109.31453,109.53026,109.77105,110.28525,109.52512,109.98994,109.27912,111.5317,109.52233,112.138,109.18637,
109.32079,109.83003,110.81651,110.57568,109.38647,110.06884,109.89954,109.41107,109.71024,109.2058,109.54983,109.46389,110.17019,109.40884,109.86643,109.11353,111.5317,109.54179,111.79476,108.88743,
109.01873,109.52242,110.8052,110.57145,109.27788,109.76366,109.78545,109.43083,109.53902,109.2058,109.24049,109.48365,109.84889,109.23798,109.69771,109.00233,111.50379,109.24501,111.7561,108.90869,
109.04326,109.5419,110.8052,110.57145,108.97626,109.77277,109.60413,109.43083,109.42321,109.04026,109.25782,109.48365,109.86088,109.11931,109.57818,108.84087,111.16996,109.26232,111.41419,108.60774,
108.74209,109.23231,110.48099,110.24796,109.00122,109.4557,109.48779,109.12193,109.25627,108.92914,108.95576,109.18406,109.55349,108.95604,109.40723,108.72715,111.15033,108.96037,111.38383,108.63917,
108.76415,109.25903,110.47734,110.25179,108.70691,109.47551,109.31716,109.14633,109.14765,108.75816,108.9804,109.20158,109.56355,108.83483,109.2856,108.56655,110.81493,108.98501,111.05026,108.33566,
108.47013,108.95063,110.16398,109.93599,108.72632,109.17589,109.20812,108.84484,108.98176,108.65397,108.68885,108.9,109.2667,108.67901,108.98661,108.45974,110.80336,108.68377,111.03109,108.3615,
108.49581,108.9719,110.15872,109.95041,108.4326,109.20302,109.03245,108.86949,108.86737,108.49329,108.70784,108.92484,109.28097,108.56795,109.01102,108.2935,110.47887,108.71217,110.70557,108.06521,
108.19004,108.68004,109.853,109.63261,108.4326,108.89168,108.92102,108.5658,108.69954,108.37696,108.41388,108.63016,108.98206,108.40675,108.70984,108.18381,110.47534,108.40865,110.6943,108.08819,
108.22601,108.70203,109.86478,109.65169,108.4587,108.89168,108.76541,108.59477,108.59527,108.22015,108.44295,108.64932,109.00668,108.29316,108.74134,108.02098,110.1616,108.43459,110.37016,107.79253,
107.92701,108.40799,109.5572,109.34503,108.15924,108.926,108.65137,108.30162,108.2886,108.11057,108.1372,108.35555,108.70565,108.12956,108.44752,107.88008,110.15602,108.14144,110.37328,107.80957,
107.94722,108.43348,109.56719,109.36203,108.18263,108.6218,108.49039,108.32451,108.2886,107.94161,108.16982,108.38141,108.72454,108.02289,108.46386,107.64183,109.85019,108.1645,110.05031,107.49865,
107.63611,108.12757,109.26084,109.06253,107.88412,108.65357,108.38636,108.02833,108.31468,107.81981,107.87107,108.08523,108.43048,107.85692,108.16746,107.48519,109.86194,107.86549,110.06135,107.44961,
107.58339,108.16021,109.28466,109.07723,107.88869,108.34733,108.21961,108.05185,108.01843,107.58194,107.88814,108.10854,108.45022,107.74753,108.19068,107.25032,109.55393,107.89193,109.74633,107.095,
107.22859,107.86101,108.97629,108.77564,107.53359,108.37332,108.11291,107.75012,108.04775,107.42551,107.56773,107.80966,108.15395,107.56646,107.89176,107.0909,109.56395,107.57162,109.7586,107.05236,
107.18565,107.8813,109.00077,108.80676,107.48141,108.07719,107.94304,107.74846,107.7488,107.18449,107.51873,107.82672,108.17719,107.40988,107.91214,106.85647,109.26385,107.40552,109.45114,106.70415,
106.83729,107.55753,108.69962,108.50267,107.13602,108.10055,107.83354,107.40247,107.74387,107.02485,107.17009,107.48435,107.87817,107.17222,107.57867,106.70661,109.28106,107.16423,109.46762,106.66789,
106.80092,107.50835,108.72805,108.53131,107.09027,107.80182,107.62991,107.35013,107.40169,106.80016,107.11814,107.43199,107.89538,107.01262,107.52971,106.47539,108.97221,107.00806,109.16151,106.31691,
106.45313,107.16285,108.4246,108.23771,106.74244,107.81899,107.46391,107.00544,107.3496,106.63765,106.7795,107.08693,107.5529,106.77218,107.17499,106.32256,108.99664,106.77372,109.18528,106.27755,
106.41016,107.10752,108.45367,108.2604,106.70297,107.47647,107.22278,106.95992,107.00108,106.40971,106.73393,107.04067,107.50413,106.62231,107.13233,106.09738,108.70455,106.62408,108.88656,105.93292,
106.06861,106.76874,108.15724,107.9643,106.36451,107.42431,107.06655,106.61259,106.95877,106.26637,106.39232,106.6927,107.14942,106.38847,106.78425,105.95065,108.72297,106.38669,108.90795,105.89973,
106.03523,106.72292,108.18043,107.98442,106.32189,107.07923,106.83184,106.5733,106.61046,106.03225,106.35318,106.65639,107.107,106.23557,106.74488,105.72253,108.42865,106.24313,108.60663,105.56508,
105.69118,106.38132,107.88155,107.68257,105.98688,107.03348,106.68189,106.23249,106.57106,105.88558,106.01225,106.31478,106.75913,106.01762,106.40666,105.57617,108.44782,106.01216,108.63511,105.52538,
105.66065,106.34202,107.89822,107.65552,105.9505,106.68549,106.45393,106.19023,106.22959,105.66079,105.97582,106.27186,106.72321,105.86159,106.36724,105.34519,108.15126,105.85943,108.33179,105.18772,
105.31335,106.00046,107.55543,107.31331,105.60627,106.64944,106.30085,105.85559,106.1869,105.51103,105.64108,105.93035,106.38151,105.63728,106.0224,105.2015,108.17414,105.63481,108.36715,105.14462,
105.27964,105.96391,107.49703,107.26115,105.5725,106.30785,106.06963,105.81943,105.8518,105.28023,105.60139,105.89385,106.34216,105.48144,105.98913,104.97642,107.87482,105.48492,108.05827,104.80721,
104.9423,105.62934,107.15174,106.922,105.23472,106.26519,105.92644,105.47586,105.80587,105.13644,105.25428,105.55905,105.99775,105.26331,105.64482,104.81989,107.8919,105.25771,108.091,104.7701,
104.905,105.58958,107.10914,106.87626,105.20096,105.92419,105.68926,105.44582,105.47107,104.91164,105.22068,105.51897,105.96468,105.11354,105.60499,104.60098,107.54897,105.10819,107.79238,104.43517,
104.56076,105.24244,106.76098,106.52838,104.86021,105.88736,105.54277,105.10515,105.44062,104.75875,104.87958,105.18092,105.62958,104.8921,105.26715,104.44471,107.49972,104.88317,107.80012,104.3947,
104.51996,105.2085,106.72461,106.48887,104.81969,105.55262,105.32429,105.07176,105.09965,104.53079,104.84262,105.13416,105.58985,104.73895,105.23344,104.21774,107.14471,104.73017,107.44477,104.05674,
104.1818,104.86752,106.38281,106.14778,104.48483,105.51287,105.17441,104.73116,105.06605,104.38051,104.50172,104.80221,105.25203,104.51405,104.89598,104.05813,107.10223,104.50568,107.39585,104.01274,
104.13774,104.83034,106.3434,106.10529,104.44059,105.17501,104.9493,104.69068,104.7248,104.14941,104.46713,104.76507,105.21825,104.35772,104.85886,103.82917,106.76328,104.35897,107.04726,103.67479,
103.79967,104.49873,105.99867,105.77034,104.10611,105.12821,104.79606,104.35628,104.68432,103.99912,104.1232,104.42097,104.88088,104.1388,104.52369,103.67526,106.71409,104.12791,107.00488,103.62384,
103.75789,104.45462,105.96544,105.73043,104.05844,104.79665,104.56759,104.31239,104.34964,103.7699,104.08511,104.37683,104.84373,103.98844,104.4831,103.42968,106.37584,103.96834,106.66627,103.28259,
103.41658,104.11063,105.62113,105.39591,103.71684,104.75969,104.42051,103.9782,104.30569,103.60666,103.73792,104.042,104.49979,103.75706,104.14833,103.27599,106.33647,103.74324,106.61746,103.23643,
103.37136,104.07216,105.59061,105.35277,103.67522,104.41564,104.18899,103.92749,103.97081,103.37412,103.6962,104.00385,104.46858,103.6031,104.11006,103.02697,105.99198,103.58966,106.27924,102.8914,
103.01647,103.73413,105.25261,105.01511,103.32094,104.37172,104.04201,103.58998,103.91969,103.21678,103.35477,103.65642,104.12075,103.36461,103.75412,102.86607,105.959,103.35167,106.24555,102.82959,
102.96684,103.68294,105.20947,104.97778,103.27217,104.03718,103.80338,103.5356,103.58193,102.96789,103.29663,103.61123,104.08613,103.21067,103.71248,102.61714,105.62407,103.19434,105.90084,102.48148,
102.61901,103.34159,104.87133,104.6371,102.92738,103.98971,103.65299,103.19484,103.52724,102.81052,102.95193,103.26982,103.74763,102.97798,103.37112,102.45276,105.58435,102.9587,105.86447,102.42906,
102.5538,103.29243,104.84371,104.59641,102.86581,103.65178,103.41993,103.13703,103.18566,102.5673,102.90297,103.21172,103.69634,102.81702,103.32576,102.19676,105.24641,102.7923,105.52043,102.06816,
102.2059,102.93807,104.49962,104.26098,102.51729,103.60657,103.26594,102.7925,103.13681,102.39704,102.54531,102.86609,103.35489,102.57164,102.98127,102.02311,105.21267,102.55256,105.48973,101.99924,
102.13694,102.88907,104.45909,104.21689,102.45183,103.25598,103.02038,102.74039,102.78264,102.14091,102.48938,102.81734,103.30589,102.41079,102.92904,101.75968,104.87508,102.39195,105.15203,101.6383,
101.95968,102.72801,104.12072,103.87833,102.09061,103.2072,102.86281,102.38311,102.73029,101.97292,102.13189,102.45991,102.95482,102.34544,102.57538,101.58212,104.83795,102.13987,105.10906,101.56586,
101.7003,102.47493,104.0862,103.83638,102.01793,102.86236,102.62295,102.31466,102.3821,101.70395,102.06303,102.40369,102.90253,101.9939,102.51959,101.30951,104.50285,101.96591,104.77753,101.20127,
101.52298,102.31409,103.73894,103.49475,101.65652,102.80421,102.44914,101.96691,102.31344,101.52665,101.70773,102.04286,102.55424,101.92488,102.15853,101.12854,104.46249,101.7065,104.7369,101.12149,
101.25072,102.05439,103.69728,103.44341,101.58044,102.45608,102.19635,101.89487,101.95211,101.25412,101.62593,101.97044,102.49244,101.56372,102.09341,100.84884,104.1236,101.53283,104.39622,100.93118,
101.06977,101.88057,103.34654,103.09826,101.21202,102.38724,102.03171,101.53072,101.88327,101.07314,101.26109,101.60929,102.14045,101.48773,101.73809,100.65496,104.07952,101.2698,104.36161,100.65508,
100.78058,101.62086,103.3013,103.04927,101.12299,102.03849,101.77545,101.44913,101.51869,100.79667,101.17203,101.533,102.07153,101.12286,101.66574,100.3472,103.73809,101.07963,104.02336,100.46126,
100.59959,101.44336,102.95638,102.69496,100.75475,101.96603,101.59779,101.08137,101.44263,100.60281,100.80367,101.16838,101.71031,101.03369,101.30112,100.13466,103.69057,100.8039,103.97571,100.16837,
100.30703,101.16707,102.90432,102.63873,100.6528,101.60493,101.32496,100.99247,101.06864,100.30995,100.70519,101.07916,101.63458,100.66552,101.21219,99.80818,103.34873,100.62313,103.63767,99.95565,
100.09469,100.97669,102.54674,102.28105,100.2622,101.52869,101.14384,100.62489,100.98891,100.09739,100.3237,100.70152,101.26982,100.57279,100.84389,99.58253,103.29987,100.33441,103.58633,99.62761,
99.7683,100.69678,102.49441,102.2215,100.13235,101.16387,100.8675,100.52317,100.60793,99.77084,100.2181,100.60868,101.19351,100.19152,100.75488,99.24842,102.95528,100.1406,103.42864,99.4114,
99.5428,100.50585,102.13303,101.86022,99.72302,101.07477,100.68626,100.14266,100.50601,99.54854,99.99919,100.22746,100.81559,100.08005,100.37383,99.03235,102.89693,99.81437,103.19585,99.0812,
99.21833,100.20342,102.06388,101.78767,99.57913,100.69697,100.39701,100.00947,100.12417,99.21442,99.66924,100.10672,100.72295,99.6706,100.26839,98.69482,102.54837,99.60198,103.02892,98.85195,
98.99281,99.98113,101.71111,101.42265,99.17573,100.59502,100.20312,99.60073,99.98466,98.98869,99.45271,99.69706,100.34562,99.53104,99.86252,98.46542,102.48313,99.27162,102.78868,98.5143,
98.65528,99.65418,101.63783,101.34653,99.02889,100.21332,99.87602,99.45799,99.58449,98.66019,99.11874,99.55355,100.23974,99.11764,99.7196,98.12068,102.13437,99.04637,102.62731,98.29434,
98.43532,99.43778,101.26905,100.97187,98.61234,100.09236,99.66314,99.05489,99.44157,98.4273,98.89293,99.14031,99.83015,98.98038,99.31926,97.89676,102.06507,98.70947,102.37436,97.95331,
98.09432,99.02461,101.18369,100.87873,98.46794,99.69175,99.33247,98.90862,99.02851,98.08569,98.55548,99.00264,99.69047,98.56345,99.17253,97.54838,101.71266,98.49279,102.20031,97.72051,
97.86114,98.87778,100.81473,100.51024,98.05124,99.54833,99.10646,98.49255,98.88168,97.85237,98.33573,98.58932,99.27701,98.41324,98.75943,97.31184,101.62708,98.15236,101.95326,97.37252,
97.51294,98.47053,100.72224,100.40792,97.89356,99.13508,98.77819,98.34265,98.47423,97.5075,97.99106,98.43544,99.14297,98.00652,98.6149,96.95989,101.27122,97.9199,101.77554,97.13646,
97.27651,98.31662,100.34394,100.01679,97.46947,98.98825,98.55215,97.93231,98.3204,97.27081,97.76764,98.02817,98.72565,97.84873,98.19813,96.72359,101.18541,97.57576,101.50608,96.71313,
96.9252,98.31662,100.22891,99.87342,97.30834,98.58427,98.21071,97.77538,97.90393,96.91927,97.40613,97.87061,98.57518,97.42826,98.04424,96.35531,100.81677,97.34319,101.32486,96.54902,
96.68933,97.90042,99.83226,99.46374,96.88432,98.43005,97.98702,97.35536,97.74675,96.6796,97.17936,97.45011,98.16722,97.26758,97.62412,96.11552,100.71444,96.99568,101.05775,96.12218,
96.68933,97.74324,99.68947,99.3301,96.71633,98.01315,97.64222,97.19085,97.33261,96.31518,96.75593,97.28921,98.00993,96.84412,97.46352,95.74773,100.3423,96.75618,100.86745,95.94178,
96.26247,97.32928,99.2803,98.91722,96.28917,97.86519,97.40951,96.76738,97.17173,96.07539,96.58837,96.86211,97.58989,96.67993,97.04954,95.4939,100.23107,96.59228,100.58766,95.51138,
96.08202,97.16872,99.13374,98.76713,96.112,97.44534,97.05761,96.5995,96.74791,95.70358,96.1614,96.69801,97.43265,96.25288,96.87966,95.05955,99.82186,96.16543,100.39387,95.31819,
95.64226,96.74537,98.72685,98.35993,95.68126,97.28467,96.82119,96.17195,96.57089,95.46266,95.98104,96.2708,97.01827,96.0724,96.45272,94.87227,99.68238,95.98528,100.07682,94.88777,
95.46333,96.56837,98.57677,98.20635,95.4903,96.85749,96.46047,95.99493,96.14347,95.08788,95.54113,96.09392,96.84463,95.64514,96.28515,94.43321,99.27884,95.55509,99.85494,94.69124,
95.03522,96.14097,98.16957,97.78651,95.06197,96.6931,96.21686,95.56396,95.97209,94.83524,95.35741,95.66299,96.41752,95.46105,95.84518,94.22688,99.13237,95.3715,99.45527,94.24426,
94.84225,95.96035,98.01237,97.62934,94.86874,96.26603,95.85242,95.37027,95.53201,94.39267,94.92694,95.46977,96.24974,95.02091,95.66481,93.78008,98.72871,94.93184,99.31242,94.04445,
94.40364,95.52932,97.59236,97.20557,94.42968,96.08535,95.60916,94.93614,95.34789,94.19564,94.92694,95.03926,95.81919,94.83319,95.23071,93.57021,98.57847,94.73208,98.90564,93.58805,
94.20673,95.34545,97.43523,97.04479,94.22931,95.65837,95.23782,94.73962,94.90417,93.75244,94.72705,94.84247,95.63884,94.38949,95.04708,93.11322,98.15851,94.28893,98.75937,93.37563,
93.75097,94.90511,97.01145,96.61752,93.77673,95.47459,94.98164,94.29232,94.71641,93.54205,94.28355,94.39883,95.19516,94.18935,94.60363,92.89614,98.00498,94.08945,98.34309,92.92502,
93.54111,94.70854,96.84704,96.45329,93.5726,95.03079,94.59727,94.09262,94.27295,93.08538,94.08369,94.1952,95.01151,93.74227,94.40379,92.42839,97.59452,93.63916,98.1896,92.69631,
93.08478,94.26123,96.41986,96.02276,93.11611,94.8376,94.33769,93.63632,94.06966,92.86234,93.62394,93.74786,94.56439,93.52613,93.95688,92.19743,97.4339,93.4268,97.77907,92.23642,
92.87128,94.06142,96.2428,95.8424,92.89317,94.39052,93.95035,93.42992,93.61315,92.40041,93.41161,93.5354,94.36787,93.06954,93.74445,91.72552,97.01058,92.96726,97.62201,91.99534,
92.40433,93.61072,95.81205,95.40197,92.43167,94.19067,93.69086,92.97022,93.40667,92.17293,92.95173,93.07533,93.92035,92.8502,93.28812,91.48537,96.8462,92.74223,97.19843,91.52246,
92.17357,93.39824,95.63158,95.21814,92.19503,93.74355,93.23084,92.74543,92.94641,91.69783,92.73623,92.8501,93.7078,92.39007,93.0725,91.00018,96.42237,92.27918,97.02849,91.2819,
91.70183,92.93769,95.19748,94.77446,91.72307,93.53103,93.01486,92.28238,92.72148,91.45767,92.2635,92.38639,93.25721,92.15247,92.60915,90.74778,96.24175,92.04206,96.61069,90.80564,
91.45837,92.71262,95.01376,94.57792,91.47957,93.07105,92.55462,92.04517,92.2583,90.97281,92.0321,92.15806,93.03196,91.68877,92.38102,90.25934,95.81466,91.56612,96.43362,90.55268,
90.98657,92.24896,94.57005,94.13071,91.00746,92.85542,92.32622,91.56921,92.02081,90.72042,91.55921,91.68524,92.57202,91.4446,91.90831,89.99431,95.6339,91.32588,96.00628,90.06362,
90.73076,92.00793,94.37,93.93091,90.74225,92.38238,91.8533,91.32888,91.54425,90.23562,91.31534,91.44458,92.3438,90.96234,91.66772,89.49642,95.19026,90.85003,95.82586,89.78895,
90.24607,91.53512,93.91349,93.4707,90.25723,92.15417,91.61245,90.85308,91.30363,89.97073,90.83341,90.96826,91.88016,90.70922,91.19503,89.21935,95.00297,90.58787,95.39444,89.30006,
89.9814,91.29111,93.70998,93.25826,89.99237,91.68144,91.13956,90.59092,90.82733,89.47309,90.57714,90.71173,91.63942,90.22929,90.95126,88.7124,94.55913,90.0992,95.20121,89.02254,
89.48386,90.81795,93.25343,92.7947,89.4948,91.43734,90.89579,90.10226,90.57121,89.19608,90.0916,90.22595,91.15378,89.96411,90.46567,88.42324,94.3628,89.8343,94.75769,88.5149,
89.20672,90.55202,93.03419,92.56968,89.21766,90.96449,90.41001,89.83725,90.07606,88.69516,89.82309,89.96043,90.91001,89.46564,90.20036,87.91619,93.91542,89.33618,94.56715,88.22521,
88.70586,90.0663,92.57398,92.10631,88.70718,90.70807,90.15361,89.33925,89.81082,88.40926,89.32484,89.46197,90.42425,89.19143,89.71149,87.60533,93.70294,89.0589,94.12335,88.22521,
88.4105,89.79763,92.34574,91.86579,88.42141,90.22242,89.6552,89.06188,89.31235,87.89882,89.04734,89.18444,90.15892,88.69307,89.43389,87.60533,93.25239,88.56092,93.91072,87.71433,
88.4105,89.29876,91.87292,91.39333,87.91093,89.95692,89.39026,88.56376,89.03464,87.59124,88.54913,88.68578,89.67315,88.40303,88.93567,87.0854,93.02734,88.26185,93.46352,87.40959,
87.90027,89.02119,91.63227,91.14964,87.60339,89.45824,88.88839,88.26476,89.03464,87.59124,88.25003,88.39592,89.39543,88.40303,88.64902,86.77839,92.56728,88.26185,93.2478,86.88585,
87.60214,89.02119,91.15604,90.66403,87.60339,89.18068,88.60128,88.26476,88.53297,87.07158,88.25003,88.39592,89.39543,87.89189,88.64902,86.24599,92.33873,87.75132,92.78796,86.57823,
87.08248,88.5226,90.90309,90.40777,87.08379,89.18068,88.60128,87.75403,88.23728,86.76454,87.73899,88.07722,89.08575,87.59312,88.13806,85.91746,92.06312,87.45303,92.55965,86.04861,
86.76612,88.2232,90.42683,89.92206,86.77355,88.68221,88.28241,87.45567,87.72632,86.23211,87.44025,87.57998,88.60435,87.07258,87.83935,85.37912,91.63404,86.93267,92.09028,85.71969,
86.23378,87.71185,90.16133,89.64745,86.2444,88.3924,87.7945,86.9355,87.72632,85.90336,86.92005,87.24526,88.2856,86.765,87.32843,85.03867,91.33657,86.6125,91.85888,85.17731,
85.9147,87.71185,89.66613,89.14551,85.91597,87.88462,87.47245,86.61576,87.42775,85.56039,86.59996,86.74843,88.2856,86.23521,87.02078,84.49062,90.90476,86.08307,91.38265,84.84282,
85.37635,87.4132,89.66613,89.14551,85.56359,87.57312,86.9723,86.08629,86.90419,85.02729,86.07039,86.40474,87.79787,85.91537,86.49113,84.1443,90.60749,85.75424,91.13286,84.29129,
85.03894,86.88323,89.39778,88.86819,85.03694,87.06206,86.6318,85.75762,86.58733,84.67498,85.74142,85.89929,87.47579,85.3729,86.17143,83.77977,90.60749,85.22135,90.65329,83.94459,
84.49121,86.57259,88.89901,88.36051,84.68797,86.74515,86.12223,85.22503,86.05417,84.12957,85.2085,85.54644,86.96958,85.03494,85.63859,83.22633,90.15365,84.87731,90.39125,83.3999,
84.14492,86.04255,88.60906,88.07095,84.13904,86.4014,85.782,84.88133,85.72514,83.76814,84.86136,85.01854,86.63524,84.49572,85.30068,82.86601,89.85321,84.87731,90.39125,83.04088,
83.59056,85.71346,88.10137,87.73941,83.77771,85.89224,85.26378,84.33913,85.19544,83.22458,84.32234,84.66895,86.12599,84.14876,84.76175,82.34193,89.39021,84.32553,89.90234,82.49933,
83.22527,85.17113,87.80268,87.24855,83.22293,85.54267,84.90169,83.98323,84.84803,82.86449,83.96305,84.11972,85.7762,83.59882,84.41478,81.98209,89.39021,83.97917,89.63729,82.1511,
82.67568,84.83318,87.47112,86.9174,82.85927,85.01509,84.36806,83.43334,84.30569,82.34014,83.41306,83.75813,85.25819,83.24185,83.863,81.44297,89.0806,83.43137,89.13893,81.60913,
82.32821,84.28423,86.97091,86.41118,82.33406,84.66252,84.01546,83.0831,83.94972,81.98035,83.05632,83.2222,84.90549,82.70585,83.50807,81.0696,88.60189,83.07568,88.86175,81.24876,
81.79046,83.93428,86.63989,86.06745,81.97154,84.11634,83.47336,82.54097,83.58695,81.44129,82.52198,82.86073,84.35915,82.34632,83.14915,80.51729,88.27954,82.52955,88.35071,80.70798,
81.43364,83.3986,86.13068,85.54904,81.43232,83.75858,83.11458,82.17657,83.05705,81.06776,82.16468,82.31721,83.99747,81.79935,82.60628,80.13389,87.79498,82.17418,88.05525,80.32556,
80.89033,83.0428,85.78082,85.1961,81.06206,83.22809,82.57137,81.63512,82.69519,80.51815,81.6231,81.94893,83.47136,81.43982,82.2438,79.57152,87.47281,81.63549,87.54431,79.7713,
80.50821,82.49588,85.26276,84.65895,80.50954,82.86591,82.20876,81.27541,82.14216,80.14131,81.26294,81.41048,83.11296,80.89987,81.68745,79.18507,86.96297,81.27605,87.23318,79.37949,
79.95458,82.13621,84.90066,84.29698,80.13601,82.32189,81.65208,80.73197,81.77984,79.56945,80.71947,81.04712,82.56949,80.51738,81.31686,78.60028,86.63176,80.73235,86.713,78.81196,
79.56312,81.57897,84.36389,83.76024,79.56133,81.94949,81.28393,80.34979,81.21409,79.18587,80.34048,80.48849,82.20702,79.97285,80.76831,78.2038,86.12228,80.35018,86.39291,78.40775,
78.99612,81.19774,84.00206,83.38596,79.17507,81.39282,80.73598,79.79581,80.83907,78.60102,79.78343,80.11467,81.65063,79.57777,80.39277,77.60626,85.77261,79.79662,85.86273,77.83963,
78.60182,80.63404,83.45323,82.83732,78.59352,81.01753,80.36295,79.40418,80.26065,78.21127,79.39191,79.54941,81.27858,79.01354,79.83088,77.20044,85.25447,79.40513,85.53403,77.42332,
78.02448,80.24402,83.09148,82.45374,78.1943,80.44202,79.80093,78.83699,79.87616,77.61624,78.82475,79.16585,80.70006,78.61883,79.4476,76.59336,84.89172,78.83777,84.99187,76.83526,
77.61108,79.67072,82.53045,81.88965,77.59978,80.05424,79.42417,78.43314,79.28544,77.2102,78.42093,78.58117,80.32499,78.0411,78.87306,76.18423,84.35535,78.43366,84.64811,76.40945,
77.02358,79.26829,82.1567,81.50645,77.20046,79.47548,78.8494,77.86516,78.89153,76.60288,77.84364,78.19441,79.74649,77.63717,78.48656,75.55783,83.99367,77.85604,84.09652,75.81101,
76.59849,78.68495,81.58325,80.92387,76.58684,79.08137,78.45638,77.43957,78.29135,76.19359,77.4306,77.59706,79.34927,77.04642,77.89265,75.1391,83.44492,77.44027,83.73752,75.37324,
76.00725,78.27049,81.19986,80.53761,76.17778,78.48079,77.86869,76.8612,77.8885,75.567,76.84931,77.19059,78.76128,76.62055,77.49327,74.50319,83.08327,76.86213,83.18572,74.77219,
75.56286,77.69354,80.60478,79.94284,75.5512,78.08322,77.47259,76.42591,77.29408,75.14815,76.41419,76.59957,78.35414,76.03202,76.88927,74.072,82.5188,76.42704,82.81747,73.72089,
74.96158,77.27283,80.21849,79.5477,75.13258,77.47026,76.86544,75.83436,76.89936,74.51209,75.82573,76.17413,77.76761,75.59718,76.48004,73.41706,82.14772,75.83544,82.25289,73.72089,
74.50558,76.69387,79.61466,78.94912,74.49375,77.05401,76.45916,75.39024,76.28446,74.08376,75.37861,75.57596,77.33465,74.99548,75.86343,72.98944,81.57061,75.39165,81.8789,72.63825,
73.89444,76.26007,79.2164,78.52431,74.06557,76.43199,75.84215,74.7886,75.87663,73.43502,74.77739,75.12865,76.74155,73.94056,75.44478,72.34346,81.17823,74.79083,81.30549,71.54422,
73.43163,75.67002,78.61324,77.926,73.45645,76.01306,75.42358,74.33235,75.25101,73.00711,74.32398,74.5351,75.69599,73.94056,74.81835,72.34346,80.60141,74.33479,80.91357,70.43182,
72.82631,74.62776,78.19653,76.88487,72.9927,75.40686,74.80198,73.91287,74.83184,72.35154,73.72655,74.08122,74.65183,72.87617,73.76756,71.90197,80.20969,73.73233,79.92372,69.29192,
72.35461,74.62776,77.57816,76.88487,72.3817,74.94805,74.38878,73.27945,74.19456,72.35154,73.25736,73.47639,74.65183,71.78145,73.76756,71.23321,79.20756,73.27327,79.92372,68.13634,
72.35461,73.56622,77.57816,75.82049,72.3817,74.34715,73.74676,73.27945,74.19456,71.91931,73.25736,73.47639,73.58797,70.66892,72.68629,70.78238,79.20756,73.27327,78.92255,66.99595,
71.74119,72.47972,77.15239,74.73819,71.90445,74.34715,73.74676,72.8484,73.76907,71.25078,72.64425,73.01092,72.50665,69.54136,71.58456,70.10463,78.18453,72.6598,77.90084,65.85268,
71.25482,71.3818,76.54215,73.62879,71.28089,73.88323,73.32182,72.19056,73.11759,70.79976,72.17462,72.39757,71.40993,68.38316,70.50974,69.64451,77.1444,72.18051,76.84899,64.73968,
70.62159,70.25615,76.10078,72.50822,70.78398,73.27534,72.67017,71.74843,72.68248,70.12206,71.55037,71.91933,70.28227,67.21911,69.38073,68.96068,76.08076,71.55746,75.78839,63.63367,
70.1278,69.11428,75.47173,71.36047,70.1508,72.81575,72.2284,71.08899,72.0288,69.67149,71.06515,71.29608,69.14593,66.06235,68.26073,68.50079,75.00204,71.07046,74.69799,62.51209,
69.49192,67.99125,75.01904,70.20467,69.6577,72.18579,71.56978,70.63741,71.58461,68.97526,70.42874,70.80908,67.98477,64.91225,67.12974,67.79791,73.89998,70.44752,73.58622,62.51209,
68.97979,66.85189,74.3808,69.04437,69.01522,71.70789,71.12827,69.96198,70.91247,68.51525,69.93477,70.17654,66.80499,63.7487,65.98261,67.31911,72.77964,69.94188,72.46947,61.37264,
68.33724,65.69724,73.90977,67.875,68.50105,71.07818,70.45337,69.50129,70.45922,67.81253,69.29158,69.68065,65.60986,62.63341,64.81936,66.62917,71.63153,69.30915,71.31268,60.20512,
67.81646,64.52703,73.26844,66.69762,67.85173,70.5915,70.00211,68.81425,69.78074,67.34606,68.78882,69.03995,64.39906,61.49391,63.66004,66.16941,70.47814,68.7974,70.14794,59.6638,
67.18742,63.52034,72.78913,65.50233,67.34532,69.95457,69.33276,68.3443,69.31811,66.65345,68.14804,68.53502,63.20181,60.49706,62.53999,65.47873,69.31802,68.15529,68.96527,59.04827,
66.67872,62.3089,72.13914,64.28459,66.7105,69.45647,68.88731,67.64673,68.69765,66.19613,67.64373,67.9071,61.99784,59.32157,61.39966,65.02134,68.15574,67.64058,67.75781,58.5062,
66.04648,61.10703,71.65128,63.09039,66.20157,68.81042,68.21651,67.19402,68.18746,65.50271,67.00966,67.40288,60.80014,58.12234,60.24373,64.36003,66.97829,67.01604,66.53255,57.88815,
65.52567,59.93764,70.99469,61.8991,65.5593,68.29698,67.76208,66.51087,67.5676,65.04519,66.49828,66.77564,60.2551,56.95161,60.24373,63.91338,65.78585,66.50775,65.3018,57.3399,
64.88351,58.7876,70.48583,60.71727,65.03159,67.65101,67.07243,66.05226,67.05127,64.38357,65.86655,66.26527,59.62545,55.75964,59.08397,63.24724,64.5629,65.87383,64.04599,56.71287,
64.35854,57.62138,69.82016,59.55054,64.38894,67.12849,66.62098,65.35684,66.41952,63.94658,65.36173,65.62106,59.07265,54.55282,57.92397,62.79113,63.3551,65.36587,62.77702,56.14574,
63.74274,56.43699,69.303,58.36601,63.85944,66.46329,65.92205,64.89086,65.89717,63.27064,64.76388,65.10158,58.43334,53.40351,56.74754,62.79113,62.1645,64.76397,61.48931,55.55489,
63.23784,55.23654,68.64592,57.166,63.24644,65.93587,65.4612,64.18872,65.25827,62.82434,64.26527,64.45731,57.87414,52.23518,55.55012,62.10638,60.96194,64.2676,60.18135,55.0098,
62.63167,54.01018,68.12808,55.94829,62.73509,65.26927,64.75807,63.71347,64.72728,62.13937,63.65865,63.92188,57.22574,51.06048,54.34578,61.64841,59.79335,63.65811,58.85802,54.40862,
62.1083,52.77735,67.47657,54.70989,62.1171,64.73512,64.28795,63.0018,64.07917,61.6839,63.15383,63.28348,56.65791,49.86925,53.19276,60.94506,58.60869,63.14328,57.51881,53.85482,
61.48272,51.53936,66.95073,53.48707,61.59426,64.06761,63.57557,62.55405,63.54434,60.98032,62.538,62.76858,56.01536,48.66538,52.02627,60.48049,57.40665,62.53677,56.14956,53.25633,
60.95062,50.35142,66.28977,52.26556,60.96923,63.52067,63.10554,61.87073,62.88648,60.51532,62.01476,62.16347,55.45423,47.49151,50.84319,59.77061,56.18891,62.01326,54.76641,52.69591,
60.32563,49.15843,65.75813,51.0256,60.42796,62.86096,62.42944,61.41626,62.3428,59.80272,61.39921,61.63114,54.81223,46.30274,49.64582,59.29678,54.94592,61.39735,53.36478,52.08808,
59.77493,47.95247,65.08807,49.84464,59.79332,62.32303,61.97533,60.71402,61.67579,59.32861,60.85743,61.01365,54.23476,45.1099,48.46476,58.58363,53.72624,60.85528,51.94667,51.52083,
59.14048,46.78016,64.54786,48.64978,59.24302,61.65613,61.28324,60.25018,61.11345,58.627,60.23236,60.47498,53.59337,43.93781,47.29458,58.11546,52.49144,60.23,50.51065,50.91506,
58.58567,45.58924,63.87051,47.44071,58.61405,60.43438,60.82929,59.61568,60.48977,58.1587,59.68409,59.84939,53.59337,42.79266,46.10856,57.4139,51.84374,59.67913,49.06061,50.32909,
57.96859,44.39466,63.32389,46.22569,58.06371,59.22594,60.14292,59.06818,59.94893,57.44727,59.06116,59.30449,53.00721,41.66069,44.90695,56.94259,51.25442,59.05998,47.60374,49.71601,
57.41762,43.20769,62.65047,45.00478,57.44543,58.02433,59.68472,58.45073,59.33279,56.98313,58.5168,58.68409,52.3465,40.52128,43.73428,56.2235,50.59869,58.51891,46.12171,49.14857,
56.7918,42.01113,62.11442,43.78467,56.8871,56.81636,58.99617,57.89889,58.79906,56.26339,57.89606,58.14376,51.75582,39.2565,42.57275,55.74733,50.0226,57.90192,44.63315,48.54717,
56.23382,40.79869,61.44977,42.56428,56.26097,55.60852,58.52875,57.28209,58.1755,55.78928,57.34801,57.52391,51.10951,37.73169,42.00566,55.07139,49.4015,57.35389,43.13741,47.9744,
55.59837,39.45517,60.89532,41.86474,55.696,54.39891,57.83355,56.7234,57.63122,55.11287,56.723,56.96473,50.53996,36.20025,41.44234,54.60921,48.82765,56.72842,41.62851,47.49761,
55.03373,38.1131,60.22776,41.06044,55.05834,53.1805,57.35648,56.097,57.00053,53.96723,56.15604,56.33536,49.93095,34.64059,40.87629,53.91819,48.19923,56.17846,40.11402,46.79536,
54.42323,37.55044,59.68648,40.35387,54.47687,51.93676,56.65447,55.52933,56.43987,52.79812,55.56504,55.76941,49.34432,33.08269,40.25091,53.45662,47.61678,55.58482,38.62505,46.31122,
53.86955,37.02133,59.04273,39.5394,53.87369,50.68298,56.16828,54.8933,55.8073,51.62042,55.02005,55.13242,48.72785,31.51979,39.54447,52.75681,46.99064,55.03994,37.11065,45.6042,
53.26931,36.59575,58.50174,38.81485,53.32053,49.47727,55.44727,54.31899,55.24001,50.42831,54.41913,54.55761,48.14407,29.93901,38.74383,52.28795,46.40137,53.89519,35.577,45.13378,
52.70908,36.15262,57.85144,38.00241,52.71308,48.27454,54.96364,53.68249,54.60033,49.23138,53.86567,53.91098,47.5183,29.1148,38.01931,51.58125,45.76703,52.72688,34.03684,44.43809,
52.10145,35.8343,57.29989,37.27215,52.15351,47.05574,54.23362,53.11732,54.02442,48.05246,53.26737,53.35,46.92746,28.35304,37.21835,51.10518,45.18061,51.55191,32.47097,43.99662,
51.53449,35.40953,56.65227,36.51456,51.54838,45.83363,53.74321,52.51957,53.37534,46.87274,52.7071,52.74999,46.29377,27.52894,36.48853,50.38946,44.54859,50.36042,30.89716,43.32974,
51.05885,35.0861,56.07266,35.86618,50.97201,44.62068,53.04874,51.95015,52.78262,45.6784,52.09934,52.18081,45.69568,26.76882,35.6878,49.90397,43.86027,49.17394,29.31513,42.88258,
50.34348,34.65224,55.4157,35.2492,50.35518,43.42743,51.87361,51.34279,52.13565,44.50671,51.53231,51.57359,45.07081,25.93867,34.94839,49.18278,43.06402,48.00137,27.71772,42.20591,
49.86809,34.32111,54.83937,34.69235,49.77405,42.24832,50.69167,50.76663,51.53684,43.40034,50.91492,51.00744,44.49226,25.17091,34.14107,48.71156,42.36507,46.81233,26.10193,41.75091,
48.67452,33.89079,54.17303,34.22866,49.15956,41.04351,49.49547,50.15214,50.92112,42.27576,50.34088,50.39289,43.87486,24.35147,33.38342,48.00435,41.57091,45.63107,24.47808,41.06651,
47.49276,33.56034,53.58516,33.76515,48.58098,39.82124,48.31847,49.57886,50.34399,41.13579,49.7182,49.80989,43.31071,23.57592,32.57588,47.52926,40.86248,44.45533,22.8582,40.60183,
46.30742,33.12217,52.94184,33.4253,47.98173,38.39581,47.13756,48.95661,49.72687,39.97798,49.14897,49.18596,42.69498,22.75915,31.81963,46.8149,40.05858,43.34683,21.34604,39.86539,
45.11759,32.78396,52.35646,33.00775,47.4095,37.16524,45.96125,48.37642,49.15258,38.81246,48.68158,48.6107,42.11298,21.98828,31.00225,46.34003,39.33356,42.33493,19.71049,39.26843,
43.95636,32.3477,51.70613,32.66811,46.80125,36.1787,44.76874,47.19534,48.5281,37.31342,47.97695,48.00924,41.49898,21.16502,30.2493,45.63232,38.52984,41.19337,19.71049,38.34727,
42.82354,32.01015,51.11675,32.24409,46.21318,35.39626,43.59489,46.02126,47.94908,35.76315,47.50025,47.4375,40.90778,20.40711,29.42348,45.15226,37.8052,39.9921,18.05962,37.74367,
41.69262,31.56722,50.46149,31.90638,45.61034,34.64663,42.40276,44.83171,47.34796,34.20457,46.78835,46.83184,40.28604,19.5879,28.66209,44.45908,36.98285,38.50715,16.42034,36.81415,
40.55395,31.23172,49.87242,31.47355,45.0244,33.89013,41.23795,43.64823,46.77513,32.6394,46.3145,45.64716,39.60296,18.82397,27.83794,44.00256,36.24986,37.19846,14.76664,36.2023,
39.38933,30.79064,49.2512,31.1278,44.43317,33.11782,40.08155,42.46108,46.16446,31.05947,45.60779,44.45868,38.83101,18.01958,27.06817,43.33482,35.61737,36.12854,13.1269,35.27356,
38.03986,30.44724,48.6754,30.68789,43.85562,32.36487,38.60789,41.33493,45.58625,29.66917,45.12749,43.27404,38.15654,17.26294,26.43341,42.88567,34.67782,35.28593,12.33738,34.64206,
36.49895,29.99806,48.04877,30.35299,43.2945,31.55485,37.07404,40.17703,44.97765,28.08503,44.43787,42.09699,37.51177,16.46477,25.47834,42.21055,34.04556,34.51814,11.48293,33.71744,
34.94954,29.66802,47.46621,29.90583,42.73525,30.72577,35.53969,39.60541,44.39191,26.48508,43.99767,40.95807,36.93824,15.73357,24.84548,41.75363,33.09785,33.50138,10.70653,33.08738,
33.38396,29.22067,46.84037,29.56199,42.17149,29.87351,33.98028,38.91524,43.78729,24.88895,43.33087,39.81073,36.43534,14.94121,23.89253,41.07062,32.45572,32.60033,9.88282,32.14284,
31.82141,28.88145,46.25091,29.11653,41.61446,29.01457,32.41252,37.39363,43.21374,23.29821,42.8838,38.3747,35.95486,14.22162,23.25166,40.60403,31.49949,31.8022,9.1925,31.51429,
30.2424,28.44723,45.62644,28.80407,41.03239,28.13864,30.83731,35.85152,42.60055,21.71453,42.20888,37.12842,35.59195,13.4404,22.29147,39.91313,30.86002,30.92834,8.5419,30.57167,
28.65681,28.11023,45.02966,28.32128,40.46754,27.26599,29.44369,34.29474,42.01937,20.12847,41.75226,36.1229,35.17283,12.73286,21.66344,39.44844,29.89543,29.88218,7.96261,29.93507,
27.06508,27.66804,44.39562,28.00953,39.8856,26.3776,27.85496,32.73909,41.39627,18.5608,41.0679,35.33147,34.84419,11.96156,20.7082,38.74794,29.2559,29.05315,7.47043,28.98417,
25.47728,27.33335,43.79327,27.52847,39.30141,25.49564,26.26153,31.16683,40.8073,17.01396,40.60329,34.57284,34.41821,11.26227,20.07293,38.16753,28.28261,28.25908,6.99586,28.34939,
23.88421,26.90316,43.16131,27.21871,38.72116,24.64014,24.66991,29.57762,40.20297,15.50339,39.91098,33.82683,34.08043,10.51954,19.12179,37.23941,27.63443,27.30831,6.6488,27.40051,
22.2963,26.5809,42.48806,26.73926,38.02138,23.76347,23.07179,27.99183,39.52357,14.1137,39.34034,33.05712,33.64661,9.83699,18.48852,36.62759,26.6526,26.32364,6.24303,25.81068,
20.70465,26.1628,41.69342,26.42073,37.22363,22.8879,21.48045,26.40011,38.82688,12.62844,38.42116,32.28313,33.33937,9.12858,17.55446,35.69939,26.00566,25.52458,5.93592,24.21744,
19.13234,25.85303,40.98649,25.9428,36.48254,21.9787,19.8846,24.8121,38.21005,11.17102,37.80776,31.50189,32.86896,8.49129,16.92547,35.07913,25.02502,24.76992,5.54545,22.62746,
17.56984,25.42898,40.18195,25.63536,35.67291,20.94514,18.30323,23.21875,37.64006,9.777,36.88799,30.71623,32.56229,7.83648,16.00748,34.25955,24.36925,23.77565,5.24848,21.03568,
16.04177,25.11226,39.46536,25.15937,34.935,19.86999,16.73463,21.62273,37.12452,8.45677,36.26628,29.67349,32.09491,7.26399,15.40634,33.51277,23.38104,22.55645,4.87968,19.58267,
14.52737,24.69097,38.65242,24.84245,34.11582,18.80162,15.32315,20.03122,36.69698,7.25829,35.3388,28.33826,31.77995,6.69521,14.4874,32.69509,22.72569,21.10519,4.60621,18.01515,
13.03825,24.37746,37.92781,24.37792,33.36939,17.73851,13.79706,18.45975,36.26221,6.28071,34.71737,26.96252,31.30445,6.2269,13.89163,31.94019,21.76259,19.7559,4.27023,16.47137,
11.56419,23.95924,37.10558,24.07258,32.55176,16.71297,12.28468,16.88874,35.93988,5.62134,33.78171,25.57116,30.991,5.79117,12.98851,31.12445,21.1711,18.50603,4.03215,14.95231,
10.2784,23.63954,36.37281,23.6193,31.79688,15.73343,10.80161,15.35948,35.51077,5.39174,33.15319,24.19223,30.51724,5.50004,12.39375,30.36142,20.34455,17.38195,3.73903,13.45682,
9.20465,23.22667,35.5518,23.32487,30.98089,14.80451,9.3626,13.85035,35.18153,5.6683,32.20883,22.7664,30.20524,5.27458,11.50871,29.53752,19.84475,16.32162,3.56126,11.98087,
8.21009,22.91905,34.80073,22.86328,30.21758,13.9436,7.9836,12.35585,34.7446,6.3626,30.62773,21.40719,29.7241,5.20792,10.92041,28.77606,19.18076,15.50678,3.3529,10.5427,
7.29942,22.50039,33.96955,22.55939,29.39329,13.17926,6.7093,10.89672,34.40732,7.35541,29.05009,20.05669,29.41353,5.23509,10.06215,27.95359,18.78308,14.76687,3.24142,9.16138,
6.52392,22.18945,33.22039,22.09899,28.63138,12.54026,5.64296,9.48017,33.97373,8.54126,27.4569,18.71509,28.93308,5.41215,9.50629,27.1836,18.26088,14.05708,3.14955,7.88183,
5.93057,21.78548,32.38925,21.79602,27.80909,12.04695,4.89162,8.14358,33.63697,9.85475,25.86885,17.38575,28.62375,5.70039,8.67998,26.36136,17.93737,13.34994,3.14808,6.75068,
5.59256,21.47777,31.62154,21.33717,27.03938,11.86312,4.63388,6.9413,33.19527,11.23724,24.27348,16.08435,28.14559,6.07417,8.16022,24.76758,17.42167,12.68,3.26658,5.86602,
5.53247,20.96827,30.78314,21.02473,26.40613,11.75919,4.93342,5.94907,32.85025,12.61027,22.68486,14.81337,27.82675,6.51628,7.40524,23.17632,16.95644,12.03525,3.54215,5.36314,
5.76646,20.49099,30.0267,20.56708,25.44111,11.67784,5.71469,5.28847,32.41033,13.4573,21.10229,13.61029,27.3508,6.97882,6.92975,21.59137,16.34196,11.41252,3.92481,5.33479,
6.18646,19.95639,29.17872,20.26597,24.8102,11.64439,6.79466,5.09249,32.06583,14.02932,19.51719,12.47734,27.04311,7.40701,6.29874,20.19121,15.9767,10.66804,4.41976,5.79308,
6.65761,19.43435,28.4042,19.79956,23.85756,11.61507,8.05674,5.42198,31.61877,14.8451,17.94117,11.45928,26.56851,7.85813,5.91833,18.62088,15.50594,9.63506,4.96479,6.63272,
7.19945,18.90719,27.75612,19.49943,23.21914,11.63564,9.42396,6.17561,31.27591,15.34671,16.52468,10.57577,26.252,8.20559,5.46512,17.07332,15.19503,8.55523,5.56696,7.72665,
7.78266,18.40221,26.78384,19.16377,22.26118,11.6536,10.84618,7.22705,30.83038,16.11125,15.0161,9.86761,25.78865,8.62245,5.2343,15.5522,14.73478,7.55183,6.19193,8.9929,
8.81559,17.88475,25.14624,18.72517,21.63323,11.73914,12.2928,8.4578,30.47912,16.6213,13.50586,9.38796,25.49397,8.95355,5.04342,14.04745,14.42589,6.68458,6.86477,10.34323,
10.02138,17.39187,23.50984,18.4007,20.68033,11.81224,13.64871,9.80035,29.68637,17.3895,12.027,9.16182,25.04189,9.40613,5.01535,12.56189,13.74921,5.99992,7.52824,11.7076,
11.30067,16.89602,22.06368,17.96334,20.04604,11.95259,14.9782,11.20975,28.89535,17.90847,10.5891,9.21503,24.73761,10.02532,5.1385,11.10555,13.34677,5.59082,8.23344,12.92985,
11.97411,16.41694,20.69446,17.64046,19.09577,12.07609,16.32738,12.63167,28.1262,18.69225,9.20303,9.53782,24.2775,10.53605,5.31985,9.70475,12.81209,5.50395,8.91727,14.18475,
12.63741,15.95908,19.54846,17.21495,18.46528,12.27057,17.14116,13.92768,27.64818,19.20903,7.90317,10.0646,23.97428,11.12111,5.73274,8.39322,12.49021,5.65108,9.64866,15.45778,
13.32917,15.60503,18.64714,16.883,17.53462,12.43205,17.6897,15.20457,27.33059,19.99824,6.76894,10.67612,23.51544,11.68814,6.07694,7.20675,12.15391,5.77198,10.34387,16.76216,
14.01057,15.09208,17.83903,16.45913,16.92872,12.67566,18.51235,16.50397,26.55929,20.53126,5.87707,11.29439,23.2133,12.26413,6.67385,6.23863,11.71988,6.08008,11.07284,18.07803,
14.72117,14.75844,17.044,16.13958,16.01241,12.89198,19.06357,17.8235,25.80956,21.31925,5.35227,11.54025,22.75577,12.8359,7.12596,5.59414,11.33221,6.34745,11.74628,19.40713,
15.40903,14.28817,16.26254,15.72773,15.40326,13.18914,19.88533,19.14727,25.34739,21.8545,5.30668,11.8718,22.44479,13.42408,7.84822,5.39302,10.75562,6.77278,12.48221,20.74645,
16.12899,14.00313,15.50342,15.34141,14.49962,13.43574,20.43717,20.49411,25.04335,22.65024,5.74843,12.11872,21.9894,14.0155,8.36317,5.70104,10.26938,7.17196,13.1725,22.09472,
16.8283,13.37399,14.72728,14.81897,13.89902,13.76188,21.27137,21.71816,24.27973,23.18153,6.57657,12.46832,21.67885,14.61526,9.11207,6.26805,9.79575,7.66815,13.91572,23.4518,
17.55466,12.91986,13.95432,14.81897,12.99943,14.06211,21.82917,23.07864,23.51878,23.98001,7.54282,12.73141,21.22493,15.20944,9.58172,6.87489,9.4441,8.14306,14.60714,24.81954,
18.21156,12.66116,13.17508,14.31866,12.40781,14.47537,22.6642,23.73523,22.75074,24.51276,8.44368,13.09336,20.91644,15.81097,10.27468,7.48467,9.01706,8.69213,15.36635,26.18807,
18.83043,12.51035,12.40029,13.75622,10.94711,14.90086,23.22536,24.43429,21.98576,25.31673,9.22374,13.36228,20.45416,16.41838,10.79862,8.14262,8.67825,9.23208,16.06602,27.56199,
19.45282,12.40748,11.63261,13.19289,9.5459,15.36576,24.0628,25.09906,21.21511,25.84949,10.13003,13.74803,20.15711,17.03695,11.42811,8.84984,8.12779,9.82328,16.82127,28.93547,
20.05806,12.46799,10.87197,12.6179,8.22487,15.8282,24.62131,25.79645,20.45821,26.64691,11.20447,14.02601,19.69665,18.26456,12.02859,9.71353,7.63096,10.3965,17.53305,30.30549,
20.68037,12.68467,10.12013,12.03935,7.04256,16.34162,25.45713,26.46411,19.70549,27.18766,12.35758,14.42041,18.94369,18.87632,12.63833,10.73917,7.15525,11.0024,18.29689,31.68308,
21.30363,13.0709,9.49105,11.46378,6.06743,16.82987,26.02398,27.17205,18.96756,27.98657,13.53735,14.74801,18.6491,19.50663,13.24682,11.83461,6.79921,11.60504,19.00659,33.0417,
21.91951,13.59597,8.77307,10.8789,5.43229,17.37293,26.85841,27.83444,18.23513,28.52633,14.72436,15.2842,18.33019,20.74529,13.86965,12.96183,6.40824,12.22564,19.74123,34.39316,
22.53516,14.25535,8.07369,10.30314,5.26438,17.8932,27.41991,28.53979,17.5106,29.32622,15.93602,15.78886,17.5949,21.99729,14.49044,14.10917,6.05776,12.84963,20.37607,35.70504,
23.15802,15.03161,7.23175,9.73234,5.58794,18.46585,28.26408,29.20406,16.81186,29.86069,17.15632,16.33353,17.18015,23.25276,15.11434,15.273,5.45254,13.48011,21.02787,36.99464,
23.65671,15.90916,6.10806,9.16618,6.33057,19.04375,28.8226,29.91022,16.13354,30.65712,18.39584,16.84071,16.86505,24.51192,15.74197,16.46034,4.1698,14.11222,21.67233,38.23807,
24.39455,16.87338,4.9436,8.58063,7.37616,19.63252,29.66718,30.56881,15.368,31.19948,19.64093,17.38999,16.46371,25.77454,16.37786,17.64938,2.96621,14.74262,22.32574,39.30651,
24.88593,17.88948,3.87832,8.01605,8.59012,20.19884,30.22403,31.28152,14.38693,31.99873,20.89541,17.88438,16.16157,27.02813,17.00685,18.85206,2.15866,15.38745,22.95969,40.52251,
25.62222,19.0004,3.16252,7.40563,9.91638,20.78618,31.06499,31.92878,13.34591,32.52667,22.15763,18.42941,15.77572,28.27039,17.65441,20.06688,2.23327,16.00804,23.62617,41.72544,
26.1145,20.10399,3.00762,6.23072,11.31268,21.33658,31.62368,32.6421,12.30869,33.32807,23.41759,18.91549,15.46725,29.52488,18.29724,21.28368,3.10627,16.66144,24.26239,42.91358,
26.84785,21.19917,3.50056,5.02811,12.70165,21.92027,32.45485,33.29635,11.26,33.86162,24.67216,19.45306,15.09477,30.76571,18.94114,22.49476,4.30003,17.28455,24.92838,44.09618,
27.3325,22.26672,4.436,3.83885,14.12761,22.45687,33.01179,34.00641,10.20544,34.65071,25.9358,19.94939,14.66806,32.0034,19.5829,23.71267,5.62063,17.93231,25.55494,45.25712,
28.06366,23.30896,5.59017,2.66635,15.4896,23.02469,33.84926,34.64381,9.16213,35.18259,27.20069,20.4912,14.18356,33.2231,20.23654,24.92399,7.00594,18.53107,26.84892,46.41338,
28.54843,24.29795,6.86506,1.6163,16.77501,23.54136,34.39875,35.35292,8.145,35.97513,28.45669,20.9849,13.68557,34.41235,21.54748,26.14106,8.42019,19.16403,28.15333,47.54868,
29.27209,25.24162,8.21605,1.14449,18.07389,24.09477,35.2155,35.96901,7.1649,36.48212,29.71113,21.52955,12.66104,35.60364,22.8461,27.34086,9.86347,19.76368,29.43774,48.67419,
29.75169,26.15697,9.59209,1.80402,19.38616,24.58917,35.75226,36.66685,6.25797,37.23855,30.95146,22.02691,11.61992,36.80408,24.16012,28.0647,11.30414,20.40861,30.71974,49.7856,
30.47622,27.0507,10.98925,2.93298,20.70281,25.11816,36.55549,37.26837,5.45908,37.74307,32.18699,22.55899,10.56333,37.99979,25.48406,28.53574,12.76387,21.00847,31.98747,,
30.93635,27.92717,12.40603,4.19623,22.03269,25.5814,37.08372,37.93674,4.83978,38.48478,32.7904,23.0613,9.51456,39.18977,26.79213,29.25327,14.21531,21.65599,33.25575,,
31.62999,28.80205,13.81676,5.45331,23.37016,26.08141,37.85736,38.52246,4.83978,38.97595,33.26423,23.60386,8.46039,40.35906,28.1035,29.73259,15.66958,22.24979,34.51366,,
32.08461,29.66241,15.24896,6.71484,24.70411,26.52123,38.36718,39.18336,4.49068,39.71089,33.98135,24.10082,7.4197,41.50528,29.4231,30.43773,17.11617,22.89912,35.74159,,
32.7792,30.51829,15.92951,8.00305,26.05099,27.00907,39.12853,39.7527,4.46862,40.19431,34.45101,24.6285,6.40772,42.63395,30.73287,30.89801,18.57128,23.49208,36.95046,,
33.24177,31.3583,16.66548,9.28214,27.39039,27.44768,39.6309,40.41563,4.79001,40.91898,35.16999,25.1293,6.40772,43.73335,32.0426,31.58541,20.00816,24.14512,38.15806,,
33.93696,32.18766,17.35588,10.56056,28.73039,27.9306,40.38911,40.97849,5.38958,41.39248,35.64885,25.64446,5.4468,44.82179,33.34863,32.0489,21.4454,24.72893,39.36296,,
34.39911,33.00523,18.08672,11.83619,30.07016,28.35338,40.88046,41.63091,6.19125,42.11428,36.36991,26.11795,4.6006,45.89514,34.64018,32.73062,22.82223,25.37691,40.56579,,
35.09142,33.80421,18.76996,13.10453,31.41791,28.82973,41.62145,42.19641,7.11954,42.58704,36.84962,26.61994,3.92784,46.94033,35.92184,33.18978,24.06922,25.96762,41.77573,,
35.54783,34.57665,19.50845,14.33928,32.7496,29.23515,42.11505,42.83867,8.13226,43.28711,37.5701,27.0965,3.55078,47.9782,37.17867,33.88145,25.30468,26.60432,42.971,,
36.24799,35.33688,20.17876,15.56528,34.08776,29.70147,42.85929,43.38871,8.6492,43.75383,38.04907,27.59893,3.57639,48.99636,38.42858,34.33596,26.55164,27.15888,44.16382,,
36.70731,36.07898,20.91489,16.79797,35.4107,30.0532,43.34687,44.0245,9.21117,44.44849,38.76724,28.0714,4.00586,49.99586,39.65428,35.02837,27.80518,27.77265,45.33119,,
37.39461,36.79625,21.57801,18.02784,36.70196,30.57012,44.07436,44.56504,9.77246,44.91528,39.23417,28.57406,4.72376,50.97259,40.86115,35.48223,29.04148,28.33251,46.46578,,
37.86068,37.4977,22.31702,19.25024,37.37287,30.91354,44.55471,45.20085,10.31355,45.59897,39.93916,29.05661,5.62638,51.94228,42.0542,36.17929,30.27166,28.95011,47.58837,,
38.55475,38.17766,22.97596,20.46267,37.95789,31.43052,45.10536,45.73604,10.84453,46.05133,40.40154,29.54495,6.63545,52.47329,43.22157,36.63835,31.51846,29.50719,48.68263,,
39.01536,38.83779,23.69909,21.66945,38.62789,31.76888,45.75785,46.36668,11.38779,46.73206,41.09087,30.03841,7.75674,52.88721,44.37987,37.32354,32.77084,30.13984,49.75623,,
39.70261,39.15503,24.35067,22.84801,39.19949,32.27599,46.29407,46.88506,11.93969,47.18486,41.54712,30.53305,8.8448,53.42105,45.5148,37.78788,34.0353,30.68912,50.81178,,
40.15604,39.47531,25.05707,23.83594,39.85709,32.6107,46.93483,47.50745,12.48254,47.68737,42.22152,31.00981,9.95961,53.82319,46.48337,38.47079,35.30399,31.32487,51.23233,,
40.82942,39.77699,25.63401,24.65846,40.42048,33.11524,47.47468,48.02276,13.05569,48.29277,42.66536,31.50737,11.05712,54.34607,47.58913,38.92653,36.57845,31.87068,51.84378,,
41.28333,40.09326,26.24218,25.48861,41.07071,33.44185,48.11223,48.64626,13.60346,48.7918,43.33088,31.99454,12.17393,54.73706,48.67794,39.60116,37.85658,32.49589,52.25341,,
41.93464,40.40146,26.7937,26.333,41.62756,33.92945,48.63719,49.15299,14.18124,49.39038,43.77951,32.48535,13.29751,55.25328,49.75032,40.05398,39.13481,33.04397,52.8621,,
42.37741,40.70481,27.41156,27.19532,42.27106,34.26023,49.26489,49.76621,14.73248,49.88132,44.4295,32.97224,14.43052,55.64081,50.81046,40.70976,40.41441,33.6745,53.26544,,
43.02064,41.01455,27.96571,28.06843,42.82142,34.7376,49.78026,50.26461,15.31287,50.47559,44.86312,33.46343,15.57346,56.15561,51.8549,41.14953,40.93121,34.2128,53.85683,,
43.45179,41.30162,28.58984,28.95542,43.46157,35.05243,50.40664,50.86852,15.87777,50.95926,45.50577,33.85316,16.70754,,52.87842,41.79385,41.69473,34.85379,54.25691,,
44.08338,41.59748,29.13778,29.86459,44.00213,35.51851,50.91672,51.35657,16.46487,51.5482,45.92986,34.44414,17.25696,,53.4888,42.22759,42.20718,35.38359,54.84081,,
44.50472,41.88425,29.77787,30.27761,44.62366,35.824,51.53327,51.96207,17.01447,52.01364,46.56537,34.83119,17.85411,,53.88663,42.85972,42.96307,36.47889,55.22481,,
45.1267,42.17519,30.32839,30.7814,45.15859,36.28694,52.0284,52.44193,17.61488,52.60654,46.98579,35.41531,18.38998,,54.48857,43.2792,43.465,37.63238,55.80009,,
45.53815,42.44843,30.9785,31.20274,45.78385,36.57545,52.64516,53.04239,18.15716,53.0635,47.60046,35.80683,18.84003,,54.88244,43.90691,44.21132,38.7691,,,
46.14695,42.73628,31.53107,31.71911,46.30064,37.02091,53.1347,53.51322,18.75672,53.64073,48.01272,36.38137,19.51492,,55.47825,44.32081,44.69594,39.89994,,,
46.55411,42.99655,32.01643,32.13479,46.91684,37.31409,53.74104,54.1006,19.30249,54.09539,48.6319,36.76308,19.9735,,55.8632,44.92466,45.41774,41.01535,,,
47.15288,43.28798,32.74505,32.65656,47.43786,37.74148,54.22117,54.56656,19.89122,54.67004,49.03224,37.33411,20.64129,,56.44178,45.33007,45.89053,42.10049,,,
47.54318,43.53589,33.23137,33.07613,48.05197,38.02656,54.83101,55.15867,20.43713,55.11529,49.63571,37.70355,21.08336,,56.83289,45.93406,,43.17652,,,
48.13486,43.74716,33.96025,33.44936,48.55545,38.43842,55.29249,55.60688,21.03133,,50.02853,38.26464,21.69044,,57.3964,46.33177,,44.21126,,,
48.51645,44.06147,34.44261,34.02989,48.99708,38.72155,55.892,56.18558,21.55817,,50.62694,38.61848,22.05217,,57.76926,46.91861,,45.23157,,,
49.09613,44.26795,35.17527,34.40796,49.65734,39.38603,56.34794,56.62866,22.076,,51.01232,39.16031,22.55933,,58.33327,47.30687,,46.22905,,,
49.47045,44.57279,35.67194,34.99396,50.0901,40.03001,56.93921,57.20387,22.52451,,51.59065,39.51962,22.89266,,58.70504,47.88664,,46.6421,,,
50.03433,44.77586,36.40118,35.38484,50.73418,40.64838,57.38951,57.63807,22.87412,,51.97789,40.04824,23.3968,,59.26632,48.26841,,47.19064,,,
50.40999,45.07256,36.89674,,51.17148,41.25105,57.97534,58.20879,23.41048,,52.55087,40.40019,23.73936,,59.6278,48.68877,,47.59233,,,
50.96285,45.27346,37.62751,,51.81283,41.84856,58.4159,58.63349,23.77686,,52.92941,40.91358,24.25726,,60.17924,49.21175,,48.12923,,,
51.32688,45.5628,38.12583,,52.24166,42.42754,58.99233,59.20024,24.31732,,53.49187,41.26069,24.60389,,60.53244,49.5828,,48.5179,,,
51.86848,45.76071,38.85927,,52.86545,42.99195,59.41883,59.60635,24.67934,,53.86328,41.76728,25.12907,,61.07192,50.13793,,49.04185,,,
52.22184,46.04282,39.3563,,53.28772,43.54243,60.40538,60.16796,25.23913,,54.40984,42.09914,25.47443,,61.42879,50.49779,,49.41908,,,
52.75377,46.23137,40.09157,,53.91213,44.07573,61.38337,60.56825,25.61671,,54.76933,42.60095,26.00978,,,51.04441,,49.93602,,,
53.10023,46.52041,40.58621,,54.32691,44.60034,62.34444,61.12489,26.17338,,55.31437,42.92702,26.35891,,,51.39271,,50.28867,,,
53.62883,46.69958,41.32838,,54.93951,45.10268,63.28332,61.51918,26.55434,,55.67435,43.41416,26.90381,,,51.93053,,50.78689,,,
,46.98235,41.81616,,55.34561,45.59155,64.20448,61.89352,27.12024,,56.21779,43.73109,27.26078,,,52.28158,,51.13193,,,
,47.15942,42.55176,,55.95283,46.07479,65.1239,,27.49979,,56.56843,44.20677,27.8157,,,52.80467,,51.62179,,,
,47.42917,43.04067,,56.34996,46.54021,66.02573,,28.0799,,57.09553,44.51841,28.1699,,,53.15195,,,,,
,47.6123,43.76933,,,47.00161,66.90761,,28.46461,,57.44764,45.28795,28.72464,,,53.67075,,,,,
,47.87743,44.25304,,,47.45354,67.77402,,29.0485,,57.96381,45.74847,29.0939,,,54.01558,,,,,
,48.0592,44.97378,,,47.89686,68.60725,,29.43936,,58.31165,46.06483,29.64015,,,54.51909,,,,,
,48.31281,45.4494,,,48.32571,69.44085,,30.02159,,58.82078,46.50989,30.0233,,,54.8596,,,,,
,48.49412,46.143,,,48.74771,70.25051,,30.41252,,59.16366,46.81575,30.58252,,,,,,,,
,48.7515,46.60537,,,49.16481,71.0431,,30.99847,,59.66974,47.26357,30.96131,,,,,,,,
,48.93275,47.28523,,,49.57759,71.84626,,31.39874,,60.00794,47.56586,31.53054,,,,,,,,
,49.18548,47.73138,,,49.99071,72.59501,,31.99509,,60.51085,48.01218,31.91672,,,,,,,,
,49.35906,48.39326,,,50.39252,73.32693,,32.39521,,60.83913,48.29665,32.49815,,,,,,,,
,49.61415,48.82535,,,50.77746,74.03578,,33.00383,,61.33836,,32.88339,,,,,,,,
,49.77881,49.46523,,,51.02866,74.74106,,33.40812,,61.66117,,33.47734,,,,,,,,
,50.02989,49.88201,,,51.14213,75.41548,,34.01948,,62.13833,,33.87463,,,,,,,,
,50.2029,50.50678,,,51.38957,76.0563,,34.42651,,62.4642,,34.46994,,,,,,,,
,50.44129,50.9111,,,51.48183,76.68674,,35.04488,,62.9377,,34.87214,,,,,,,,
,50.61349,,,,51.72278,77.28191,,35.46474,,,,35.47567,,,,,,,,
,50.85638,,,,51.80747,77.63148,,36.08881,,,,35.88291,,,,,,,,
,51.02013,,,,52.03425,77.87306,,36.50421,,,,36.49655,,,,,,,,
,,,,,52.11242,78.20885,,37.13845,,,,36.9026,,,,,,,,
,,,,,52.32553,78.42814,,37.5578,,,,37.52777,,,,,,,,
,,,,,52.38959,78.75018,,38.19402,,,,37.93837,,,,,,,,
,,,,,52.59513,78.9648,,38.60954,,,,38.56079,,,,,,,,
,,,,,52.63869,79.27719,,39.25566,,,,38.97611,,,,,,,,
,,,,,52.84554,79.47483,,39.67889,,,,39.59955,,,,,,,,
,,,,,52.8816,79.76912,,40.30033,,,,40.02302,,,,,,,,
,,,,,,79.96225,,40.71021,,,,40.63545,,,,,,,,
,,,,,,80.25195,,41.31419,,,,41.0403,,,,,,,,
,,,,,,80.43625,,41.70341,,,,41.63561,,,,,,,,
,,,,,,80.70834,,42.2811,,,,42.02307,,,,,,,,
,,,,,,80.88817,,42.65497,,,,42.57863,,,,,,,,
,,,,,,81.14712,,43.20045,,,,42.95627,,,,,,,,
,,,,,,81.32258,,43.56805,,,,43.48761,,,,,,,,
,,,,,,,,44.09481,,,,43.85074,,,,,,,,
,,,,,,,,44.44221,,,,44.3676,,,,,,,,
,,,,,,,,44.94618,,,,44.70317,,,,,,,,
,,,,,,,,45.27865,,,,45.20139,,,,,,,,
,,,,,,,,45.75961,,,,45.51628,,,,,,,,
,,,,,,,,46.07191,,,,45.98792,,,,,,,,
,,,,,,,,46.52928,,,,46.29714,,,,,,,,
,,,,,,,,46.83734,,,,46.74658,,,,,,,,
,,,,,,,,47.28037,,,,47.02804,,,,,,,,
,,,,,,,,47.56081,,,,47.47427,,,,,,,,
,,,,,,,,48.24884,,,,47.72928,,,,,,,,
,,,,,,,,48.91341,,,,48.15194,,,,,,,,
,,,,,,,,49.31191,,,,48.79787,,,,,,,,
,,,,,,,,49.53633,,,,49.40876,,,,,,,,
,,,,,,,,49.92066,,,,49.98649,,,,,,,,
,,,,,,,,50.128,,,,50.53921,,,,,,,,
,,,,,,,,50.50057,,,,51.05374,,,,,,,,
,,,,,,,,50.68967,,,,51.52811,,,,,,,,
,,,,,,,,51.04814,,,,51.98046,,,,,,,,
,,,,,,,,51.2203,,,,52.40127,,,,,,,,
,,,,,,,,51.55254,,,,52.78645,,,,,,,,
,,,,,,,,51.7215,,,,53.1499,,,,,,,,
,,,,,,,,,,,,53.48785,,,,,,,,
,,,,,,,,,,,,53.80076,,,,,,,,
,,,,,,,,,,,,54.08917,,,,,,,,
,,,,,,,,,,,,54.34554,,,,,,,,
,,,,,,,,,,,,54.59169,,,,,,,,
,,,,,,,,,,,,54.81229,,,,,,,,
,,,,,,,,,,,,54.81964,,,,,,,,
,,,,,,,,,,,,55.02844,,,,,,,,
,,,,,,,,,,,,55.03392,,,,,,,,
,,,,,,,,,,,,55.23001,,,,,,,,
,,,,,,,,,,,,55.21563,,,,,,,,
,,,,,,,,,,,,55.40463,,,,,,,,
,,,,,,,,,,,,55.38865,,,,,,,,
,,,,,,,,,,,,55.56249,,,,,,,,
,,,,,,,,,,,,55.53115,,,,,,,,
,,,,,,,,,,,,,,,,,,,,
,,,,,,,,,,,,,,,,,,,,
,,,,,,,,,,,,,,,,,,,,
,,,,,,,,,,,,,,,,,,,,
,,,,,,,,,,,,,,,,,,,,
,,,,,,,,,,,,,,,,,,,,avg_min_cpa
5.53247,12.40748,3.00762,1.14449,5.26438,11.61507,4.63388,5.09249,4.46862,5.39174,5.30668,9.16182,3.55078,5.20792,5.01535,5.39302,2.15866,5.50395,3.14808,5.33479,5.4169645
